id;Vorname;Nachname;Email;Geschlecht;Land;Monatliches Einkommen;Geburtstag
1;Rochell;Gainsford;rgainsford0@cnet.com;w;Germany;2333,7;28.05.1993
2;Giulia;Blakes;gblakes1@blinklist.com;w;Germany;6722,15;25.05.1971
3;Claudine;Lunge;clunge2@scribd.com;w;Austria;6283,91;25.11.1981
4;Donny;Rozalski;drozalski3@si.edu;m;Germany;3718,99;27.01.1995
5;Sollie;Avramchik;savramchik4@xinhuanet.com;m;Germany;6340,13;07.10.1972
6;Kimball;Mayzes;kmayzes5@a8.net;m;Germany;4781,61;09.11.1985
7;Shayne;Glendinning;sglendinning6@gizmodo.com;m;Austria;3726,18;08.04.1997
8;Inglis;Swindells;iswindells7@boston.com;m;Germany;5569,71;06.03.1984
9;Kathlin;Scotchford;kscotchford8@cocolog-nifty.com;w;Germany;3183,79;21.09.1998
10;Danni;Eles;deles9@hp.com;w;Germany;5247,04;18.08.1983
11;Seymour;Escofier;sescofiera@etsy.com;m;Germany;1904,49;05.09.1989
12;Lynsey;Scargle;lscargleb@thetimes.co.uk;w;Switzerland;7537,32;04.11.1982
13;Shirlee;Trail;strailc@whitehouse.gov;w;Germany;5995,96;20.06.1977
14;Tab;Wanstall;twanstalld@army.mil;m;Germany;4683,49;28.06.1984
15;Raul;Leftridge;rleftridgee@amazon.co.uk;m;Switzerland;6423,02;11.03.1990
16;Robby;Gosart;rgosartf@twitpic.com;m;Germany;6488,03;26.09.1998
17;Curt;Spender;cspenderg@ifeng.com;m;Germany;3372,21;04.05.1971
18;Amalle;Cawood;acawoodh@de.vu;w;Germany;5308,78;23.12.1979
19;Thurston;Antoniewicz;tantoniewiczi@disqus.com;m;Germany;5221,97;16.04.1985
20;Pooh;Mazin;pmazinj@nifty.com;w;Germany;6277,19;07.05.1992
21;Katrinka;Anstey;kansteyk@google.ca;w;Germany;5395,51;07.12.1982
22;Maribelle;Daubney;mdaubneyl@parallels.com;w;Germany;7461,35;30.10.1977
23;Erinna;Attwooll;eattwoollm@reference.com;w;Germany;3326,43;02.12.1984
24;Mariel;Androck;mandrockn@google.ca;w;Germany;4611,16;24.09.1998
25;Em;Peeke-Vout;epeekevouto@prlog.org;m;Germany;2914,16;29.04.1996
26;Marybelle;Langstaff;mlangstaffp@businessinsider.com;w;Germany;5985,94;09.09.1997
27;Lillis;Tregien;ltregienq@senate.gov;w;Germany;5911,98;26.08.1982
28;Zorana;Pearl;zpearlr@furl.net;w;Germany;6056,26;01.06.1981
29;Hayes;Faireclough;hfairecloughs@vimeo.com;m;Germany;2917,56;20.10.1972
30;Cherilynn;Ekell;cekellt@google.it;w;Germany;5587,27;27.05.1980
31;Allyson;Buston;abustonu@google.es;w;Germany;5785,68;04.08.1979
32;Briny;Vasovic;bvasovicv@marriott.com;w;Germany;4998,1;04.09.1975
33;Junia;Wickman;jwickmanw@nih.gov;w;Germany;1910,99;07.09.1983
34;Michael;Lamzed;mlamzedx@jigsy.com;m;Germany;6607,63;25.11.1987
35;Matthieu;Impson;mimpsony@usatoday.com;m;Germany;5486,8;23.02.1970
36;Newton;Deignan;ndeignanz@stumbleupon.com;m;Germany;4775,5;09.01.1993
37;Dale;Cochrane;dcochrane10@cargocollective.com;m;Germany;6321,98;29.11.1995
38;Alyda;Allred;aallred11@nsw.gov.au;w;Germany;5466,62;28.03.1977
39;Dov;Granger;dgranger12@ucoz.ru;m;Germany;1981,35;14.11.1985
40;Meade;Fullerlove;mfullerlove13@sitemeter.com;w;Germany;4594,22;15.10.1988
41;Brenn;McGrale;bmcgrale14@fc2.com;w;Germany;3168,14;01.05.1972
42;Ravi;Needham;rneedham15@youtube.com;m;Germany;3486,16;08.11.1994
43;Amelia;Barneville;abarneville16@psu.edu;w;Germany;4937,96;06.01.1972
44;Keefe;Willingam;kwillingam17@php.net;m;Switzerland;5921,86;15.07.1982
45;Madalena;Blaby;mblaby18@ovh.net;w;Germany;6788,97;28.05.1999
46;Ashlin;Wilfing;awilfing19@de.vu;m;Germany;2520,18;03.12.1984
47;Izak;Garber;igarber1a@indiatimes.com;m;Switzerland;6175,03;17.05.2000
48;Heindrick;Ilchuk;hilchuk1b@acquirethisname.com;m;Germany;7172,86;20.09.1970
49;Gerrard;Crammy;gcrammy1c@businessweek.com;m;Germany;6592,63;30.06.1971
50;Zara;Kerwood;zkerwood1d@discuz.net;w;Germany;5201,56;08.02.1985
51;Kassey;Sackler;ksackler1e@rambler.ru;w;Germany;5200,5;17.06.1975
52;Fergus;Abercromby;fabercromby1f@symantec.com;m;Switzerland;6359,6;19.10.1981
53;Kim;Call;kcall1g@about.me;w;Germany;6748,58;09.05.1986
54;Pincas;Goodlud;pgoodlud1h@woothemes.com;m;Germany;1956,79;06.03.1998
55;Orelia;Pawels;opawels1i@paginegialle.it;w;Germany;3844,24;02.10.1987
56;Elissa;Oris;eoris1j@vistaprint.com;w;Germany;4207,86;22.06.1971
57;Livvie;Bambridge;lbambridge1k@devhub.com;w;Germany;5305,16;12.07.1983
58;Iorgos;Bromige;ibromige1l@gnu.org;m;Germany;6920,57;14.04.2000
59;Harriette;Caplis;hcaplis1m@deliciousdays.com;w;Germany;7458,96;27.07.1977
60;Malvina;McCoole;mmccoole1n@ezinearticles.com;w;Germany;6389,44;10.01.1979
61;Gayleen;Pauel;gpauel1o@mozilla.com;w;Switzerland;5419,57;25.09.1992
62;Neal;McPhate;nmcphate1p@berkeley.edu;m;Germany;5087,45;26.11.1993
63;Zachery;Bills;zbills1q@yelp.com;m;Switzerland;7492,13;12.04.1970
64;Angel;Gaylord;agaylord1r@uol.com.br;w;Switzerland;2597,86;15.06.1980
65;Bart;Purslow;bpurslow1s@feedburner.com;m;Germany;3840,55;15.04.1983
66;Maxy;Arnli;marnli1t@mac.com;m;Germany;4187,81;23.03.1981
67;Olly;Clem;oclem1u@aboutads.info;m;Germany;3259,07;12.03.1971
68;Gustav;Tewnion;gtewnion1v@shinystat.com;m;Austria;2174,1;27.04.1983
69;Alaine;Abriani;aabriani1w@aboutads.info;w;Germany;7534,42;28.11.1993
70;Eudora;Sharratt;esharratt1x@telegraph.co.uk;w;Germany;5606,81;15.10.1976
71;Lissi;Joderli;ljoderli1y@mashable.com;w;Germany;3010,18;14.07.1970
72;Greg;Kelleway;gkelleway1z@sourceforge.net;m;Germany;5744,36;28.05.1992
73;Derrik;MacScherie;dmacscherie20@spotify.com;m;Germany;3806,32;04.07.1978
74;Fons;Eburne;feburne21@infoseek.co.jp;m;Germany;5183,86;09.04.1978
75;Darb;Woodson;dwoodson22@mashable.com;m;Germany;3041,97;09.02.1972
76;Donnie;Bank;dbank23@mit.edu;w;Austria;5825,91;20.06.1986
77;Berkley;Jiggins;bjiggins24@mac.com;m;Germany;3586,35;21.10.1980
78;Thornie;Nodes;tnodes25@yelp.com;m;Germany;5006,23;04.05.1985
79;Terrell;Sale;tsale26@reuters.com;m;Switzerland;1971,64;21.07.1993
80;Gina;Rowantree;growantree27@wordpress.com;w;Germany;3350,38;15.07.1988
81;Mariya;Edwin;medwin28@reference.com;w;Germany;6409,81;10.12.1972
82;Charil;Von Helmholtz;cvonhelmholtz29@wunderground.com;w;Germany;7310,83;11.02.1974
83;Teresina;Beverage;tbeverage2a@marriott.com;w;Germany;2544,36;07.08.1973
84;Austina;Trimnell;atrimnell2b@freewebs.com;w;Germany;5999,36;16.10.1975
85;Dorian;Petegre;dpetegre2c@hp.com;w;Germany;2449,47;07.02.1985
86;Allard;Barhims;abarhims2d@vinaora.com;m;Germany;1920,87;03.01.1974
87;Uriah;Durrell;udurrell2e@diigo.com;m;Germany;2781,34;15.11.1981
88;Corny;Horrod;chorrod2f@a8.net;m;Germany;5429,87;15.11.1982
89;Marion;Probbing;mprobbing2g@webmd.com;w;Germany;3065,66;04.03.1988
90;Rossie;Thompsett;rthompsett2h@pen.io;m;Germany;7495,43;12.08.1978
91;Jodee;Gadie;jgadie2i@1und1.de;w;Switzerland;2534,57;16.11.1985
92;Ezequiel;Rainy;erainy2j@symantec.com;m;Germany;5113,58;16.04.1975
93;Pincas;Shipp;pshipp2k@nbcnews.com;m;Germany;3309,79;07.12.1981
94;Tedd;Wiffill;twiffill2l@washington.edu;m;Germany;5828,27;06.04.1981
95;Neddy;Odhams;nodhams2m@columbia.edu;m;Germany;5402,83;26.09.1991
96;Kipp;Leithgoe;kleithgoe2n@ovh.net;m;Germany;6618,65;13.11.1995
97;Luis;Richmont;lrichmont2o@ocn.ne.jp;m;Germany;3431,11;08.05.1999
98;Jandy;Picott;jpicott2p@mashable.com;w;Germany;2649,13;23.08.1997
99;Phillie;Crowe;pcrowe2q@ebay.co.uk;w;Switzerland;1910,89;22.11.1987
100;Caron;Goodacre;cgoodacre2r@newyorker.com;w;Germany;2911;27.11.1997
101;Adoree;Kiellor;akiellor2s@google.pl;w;Germany;4659,48;01.05.1975
102;Vanya;Halstead;vhalstead2t@oaic.gov.au;m;Germany;2496,82;24.06.1996
103;Benedikta;Brazener;bbrazener2u@amazon.com;w;Germany;6666,01;09.06.1994
104;Rory;Challenger;rchallenger2v@sbwire.com;w;Austria;6327,14;07.04.1970
105;Rossie;Meigh;rmeigh2w@disqus.com;m;Germany;3847,3;16.04.1989
106;Ernaline;Layland;elayland2x@latimes.com;w;Germany;6211,04;25.06.1982
107;Thurston;Balassa;tbalassa2y@angelfire.com;m;Germany;4607,34;31.01.1996
108;Boony;Dominguez;bdominguez2z@oakley.com;m;Germany;4044,14;09.04.2000
109;Ingar;Chander;ichander30@indiegogo.com;m;Germany;7149,85;19.01.1985
110;Bernete;Fison;bfison31@miitbeian.gov.cn;w;Austria;5289,1;02.05.2000
111;Frederica;Cheevers;fcheevers32@uol.com.br;w;Germany;3777,68;11.02.1990
112;Horatio;Hexham;hhexham33@soundcloud.com;m;Austria;4294,13;06.11.1970
113;Pasquale;Eirwin;peirwin34@google.fr;m;Germany;3611,33;04.03.1984
114;Isadora;Lyosik;ilyosik35@msn.com;w;Germany;5415,34;20.02.1992
115;Jacques;Veeler;jveeler36@fda.gov;m;Germany;4101,15;13.09.1992
116;Ardine;Wilman;awilman37@blogger.com;w;Switzerland;7302,22;02.05.1976
117;Betsy;Umbers;bumbers38@amazon.com;w;Germany;4114,29;03.01.1984
118;Franklin;Branchett;fbranchett39@yale.edu;m;Germany;6927,8;19.11.1997
119;Sile;Dudden;sdudden3a@europa.eu;w;Germany;3405,17;11.06.1983
120;Skell;Latliff;slatliff3b@java.com;m;Germany;2519,07;24.11.1989
121;Gerrard;McBrearty;gmcbrearty3c@cdc.gov;m;Germany;3220,03;02.06.1991
122;Tracey;Hansman;thansman3d@squidoo.com;w;Switzerland;5326,13;11.01.1980
123;Gardner;Bagshawe;gbagshawe3e@yellowpages.com;m;Germany;6459,7;05.11.1970
124;Kendal;Collishaw;kcollishaw3f@unesco.org;m;Germany;6662,97;10.04.1987
125;Alie;Wagerfield;awagerfield3g@amazon.de;w;Switzerland;4818,74;04.08.1994
126;Morris;Garfitt;mgarfitt3h@domainmarket.com;m;Austria;7173,88;25.08.1990
127;Randie;McAlpine;rmcalpine3i@ycombinator.com;m;Germany;4915,68;02.11.1989
128;Elga;Thompstone;ethompstone3j@alibaba.com;w;Germany;3415,63;08.08.1976
129;Paulo;Purry;ppurry3k@unicef.org;m;Switzerland;2234,97;09.02.1981
130;Kip;Bernardon;kbernardon3l@rambler.ru;m;Austria;6599,22;01.05.1987
131;Jessamine;Nutman;jnutman3m@dell.com;w;Germany;2608,79;05.05.1971
132;Nefen;Effaunt;neffaunt3n@so-net.ne.jp;m;Austria;7368,5;30.10.1976
133;Paul;Stilwell;pstilwell3o@comsenz.com;m;Germany;2448,13;13.06.1974
134;Kath;Andretti;kandretti3p@jugem.jp;w;Switzerland;5863;09.03.1974
135;Pebrook;De Luna;pdeluna3q@naver.com;m;Austria;5915,38;13.04.1972
136;Rhona;Crosse;rcrosse3r@usatoday.com;w;Germany;2680,03;14.10.1993
137;Chariot;Adel;cadel3s@behance.net;m;Germany;5594,2;15.04.1991
138;Irma;De Moreno;idemoreno3t@umich.edu;w;Austria;4769,59;18.08.1994
139;Rickey;Ramsdell;rramsdell3u@va.gov;m;Germany;4233,27;28.01.1990
140;Lira;Tumility;ltumility3v@nationalgeographic.com;w;Germany;5572,54;17.01.1993
141;Marty;Mayzes;mmayzes3w@nbcnews.com;w;Germany;5835,13;27.04.1992
142;Hendrik;Pascoe;hpascoe3x@bbc.co.uk;m;Austria;5315,75;14.06.1993
143;Erwin;Kline;ekline3y@skype.com;m;Germany;1910,38;29.06.1976
144;Doug;Camelli;dcamelli3z@cbc.ca;m;Germany;3049,56;19.05.1979
145;Barton;Tenpenny;btenpenny40@weebly.com;m;Germany;4220,14;27.02.1981
146;Jacob;Sebrens;jsebrens41@cocolog-nifty.com;m;Germany;5357,77;11.02.1981
147;Xylia;Armitage;xarmitage42@jimdo.com;w;Germany;6914,76;08.09.1998
148;Gussie;Webb-Bowen;gwebbbowen43@bravesites.com;w;Germany;5287,42;22.05.1990
149;Eberto;Shaddick;eshaddick44@wp.com;m;Germany;3745,57;16.03.1979
150;Rickie;McCullen;rmccullen45@howstuffworks.com;m;Germany;6127,35;29.05.1980
151;Mariejeanne;Cremen;mcremen46@geocities.com;w;Germany;6751,48;16.03.2000
152;Eugene;McGebenay;emcgebenay47@skype.com;m;Germany;4303,81;26.01.1991
153;Raquela;Peoples;rpeoples48@blogspot.com;w;Switzerland;6486,25;04.12.1976
154;Irving;Deakins;ideakins49@microsoft.com;m;Germany;4210,14;15.09.1981
155;Billy;Rosten;brosten4a@goodreads.com;w;Germany;1868,2;19.12.1971
156;Hermina;Poston;hposton4b@stumbleupon.com;w;Germany;6407,82;21.06.1996
157;Giuditta;Tebbs;gtebbs4c@stanford.edu;w;Austria;2417,58;19.03.1974
158;Wolfy;Wallis;wwallis4d@facebook.com;m;Germany;4604,36;14.03.1976
159;Wells;Yoselevitch;wyoselevitch4e@cisco.com;m;Germany;1931,12;30.04.1976
160;Merrill;Ladbrooke;mladbrooke4f@upenn.edu;m;Germany;5211,2;29.12.1979
161;Ted;Paoletto;tpaoletto4g@archive.org;w;Germany;7000,46;08.02.1989
162;Hillard;Hixley;hhixley4h@walmart.com;m;Switzerland;4467,98;24.12.1970
163;Adrian;Dimont;adimont4i@gnu.org;w;Germany;6144,29;11.08.1972
164;Loy;Pilbeam;lpilbeam4j@istockphoto.com;m;Germany;4914,84;24.10.1979
165;Norrie;Antowski;nantowski4k@altervista.org;w;Switzerland;4087,77;17.01.1996
166;Carma;Abrahmovici;cabrahmovici4l@hc360.com;w;Germany;6137,79;17.05.1985
167;Obidiah;Lelievre;olelievre4m@twitpic.com;m;Germany;3808,5;08.12.1993
168;Anthe;Doleman;adoleman4n@eventbrite.com;w;Germany;3570,85;30.12.1982
169;Zachariah;Rice;zrice4o@surveymonkey.com;m;Germany;4903,81;09.12.1975
170;Cicely;Bernardini;cbernardini4p@sciencedirect.com;w;Germany;7649,09;28.01.1992
171;Doe;Thomasset;dthomasset4q@t-online.de;w;Germany;4604,7;17.10.1992
172;Herbert;Baldetti;hbaldetti4r@prnewswire.com;m;Germany;4002,46;30.01.1991
173;Helenka;Folkard;hfolkard4s@discovery.com;w;Germany;7658,3;29.01.1985
174;Torry;Larose;tlarose4t@latimes.com;m;Germany;5123,38;21.02.1972
175;Riannon;Ethersey;rethersey4u@macromedia.com;w;Germany;3624,83;30.03.1989
176;Kerrin;Wrout;kwrout4v@gravatar.com;w;Germany;5079,89;22.04.1999
177;Radcliffe;Garrick;rgarrick4w@bluehost.com;m;Germany;2707,74;24.11.1986
178;Margarita;Beernaert;mbeernaert4x@addtoany.com;w;Germany;3326,79;11.10.1996
179;Dun;Killiam;dkilliam4y@indiatimes.com;m;Germany;3624,89;09.10.1994
180;Melisandra;Baiden;mbaiden4z@feedburner.com;w;Germany;7294,67;11.09.1993
181;Rowe;Storrs;rstorrs50@nydailynews.com;w;Germany;3886,3;21.11.1988
182;Teddi;Roylance;troylance51@pagesperso-orange.fr;w;Germany;3910,81;03.01.1987
183;Hedy;Tomes;htomes52@answers.com;w;Germany;2700,44;03.06.1977
184;Shandie;Dannell;sdannell53@meetup.com;w;Germany;7419,9;22.02.1971
185;Felix;Glasby;fglasby54@biblegateway.com;m;Switzerland;5202,6;25.09.1980
186;Adore;McIlwraith;amcilwraith55@deviantart.com;w;Switzerland;7069,12;19.03.1987
187;Homerus;Pullin;hpullin56@ehow.com;m;Germany;4442,93;11.08.1982
188;Brynn;D'Aubney;bdaubney57@goo.gl;w;Germany;2541,77;09.10.1984
189;Berty;Lintill;blintill58@ebay.com;w;Germany;4034,92;04.06.1980
190;Ephrem;Millar;emillar59@a8.net;m;Switzerland;5087,07;22.09.1998
191;Garrard;Kynnd;gkynnd5a@intel.com;m;Austria;3055,22;02.06.1978
192;Marthe;Stell;mstell5b@psu.edu;w;Germany;5216,84;26.03.1996
193;Karla;Haliday;khaliday5c@harvard.edu;w;Austria;6667,39;19.07.1971
194;Alex;Trematick;atrematick5d@baidu.com;m;Switzerland;6124,75;28.09.1982
195;Jacquetta;Ironmonger;jironmonger5e@amazonaws.com;w;Switzerland;7229,08;21.03.1975
196;Chauncey;Cattach;ccattach5f@trellian.com;m;Germany;6335,59;05.02.1990
197;Kathy;Biddwell;kbiddwell5g@howstuffworks.com;w;Germany;6070,3;23.08.1979
198;Goddard;Bernardin;gbernardin5h@aol.com;m;Germany;4925,9;10.05.1986
199;Fremont;Cabena;fcabena5i@feedburner.com;m;Germany;6641,28;11.12.1973
200;Felic;Piggford;fpiggford5j@cnbc.com;m;Germany;5443,59;31.12.1991
201;Mort;Auchterlonie;mauchterlonie5k@mayoclinic.com;m;Germany;7417,42;13.08.1986
202;Angel;Minichi;aminichi5l@fema.gov;m;Germany;5461,96;16.09.1987
203;Alida;Astridge;aastridge5m@bbb.org;w;Germany;6678,81;05.08.1989
204;Nicolis;Ambrogioni;nambrogioni5n@google.com.au;m;Germany;4930,28;08.01.1998
205;Clare;Glowacz;cglowacz5o@mashable.com;w;Germany;3122,65;15.08.1984
206;Sherline;Christoforou;schristoforou5p@miibeian.gov.cn;w;Switzerland;1896,68;18.02.1991
207;Owen;Itter;oitter5q@harvard.edu;m;Germany;3742,15;12.04.1999
208;Lev;Vlasyuk;lvlasyuk5r@cloudflare.com;m;Austria;7497,86;02.11.1976
209;Gilles;Aucock;gaucock5s@time.com;m;Austria;5675,19;05.07.1984
210;Jefferey;Clemonts;jclemonts5t@amazonaws.com;m;Germany;4965,17;19.11.1994
211;Odelinda;Dyas;odyas5u@t-online.de;w;Germany;2379,22;13.09.1983
212;Lonni;Boscott;lboscott5v@yellowpages.com;w;Germany;7105,27;15.01.1984
213;Dayle;Bredee;dbredee5w@bloglovin.com;w;Switzerland;2441,2;01.01.1975
214;Patience;Camamile;pcamamile5x@home.pl;w;Germany;6885,23;12.07.1978
215;Jackqueline;Bome;jbome5y@bloglovin.com;w;Germany;6507,39;09.11.1997
216;Sindee;Whitwham;swhitwham5z@slideshare.net;w;Germany;3204,3;30.10.1989
217;Thorin;Seiter;tseiter60@unc.edu;m;Germany;5319,34;01.06.2000
218;Francoise;Plows;fplows61@mail.ru;w;Switzerland;3048,77;25.12.1991
219;Agneta;Feehery;afeehery62@yahoo.co.jp;w;Germany;2691,42;15.02.1997
220;Christophe;Bacup;cbacup63@amazon.co.uk;m;Switzerland;4275,81;31.07.1984
221;Perkin;Lauridsen;plauridsen64@google.es;m;Germany;3464,7;31.12.1998
222;Daphene;Muscroft;dmuscroft65@aol.com;w;Germany;6914,25;16.09.1989
223;Mickie;Prydie;mprydie66@ted.com;m;Germany;7623,19;26.10.1974
224;Walt;Spir;wspir67@nytimes.com;m;Switzerland;7359,69;01.11.1995
225;Max;Dunk;mdunk68@cnet.com;m;Germany;6278,89;08.08.1986
226;Bamby;Lawther;blawther69@twitter.com;w;Germany;3782,7;31.05.1982
227;Pepe;Wallsworth;pwallsworth6a@ucla.edu;m;Austria;4901,6;17.11.1988
228;Rosalynd;Brockest;rbrockest6b@irs.gov;w;Germany;6739,59;11.05.1980
229;Crystie;Millery;cmillery6c@hibu.com;w;Germany;6015,53;07.07.1991
230;Essy;Carek;ecarek6d@dedecms.com;w;Switzerland;3044,91;19.12.1982
231;Franni;Fison;ffison6e@elegantthemes.com;w;Germany;5561,99;15.10.1986
232;Spence;Adanet;sadanet6f@gnu.org;m;Switzerland;2115,55;14.12.1972
233;Mariele;O'Siaghail;mosiaghail6g@huffingtonpost.com;w;Germany;5363,56;02.06.1974
234;Moe;Gillow;mgillow6h@godaddy.com;m;Germany;7695,34;03.10.1979
235;Mel;Colquete;mcolquete6i@goo.ne.jp;w;Germany;5964,99;18.12.1979
236;Micheline;Campaigne;mcampaigne6j@jiathis.com;w;Switzerland;4432,08;24.03.1976
237;Marcos;Statham;mstatham6k@ted.com;m;Germany;2150,19;02.09.1976
238;Livia;Petrecz;lpetrecz6l@google.pl;w;Germany;4376,76;25.03.1987
239;Flori;De Rye Barrett;fderyebarrett6m@amazon.de;w;Germany;4076,2;15.09.1992
240;Arch;Fines;afines6n@blogger.com;m;Germany;3658,46;12.07.1998
241;Torey;Reppaport;treppaport6o@fotki.com;m;Germany;2936,67;21.10.1989
242;Olga;Pashen;opashen6p@sbwire.com;w;Switzerland;5544,98;02.12.1979
243;Dori;Dovidian;ddovidian6q@amazon.com;w;Germany;6052,02;03.06.1983
244;Ninetta;Scarlet;nscarlet6r@vistaprint.com;w;Germany;7362,72;05.05.1982
245;Farleigh;Goodlife;fgoodlife6s@icio.us;m;Switzerland;3564,17;14.01.1995
246;Kelsi;Oxbie;koxbie6t@exblog.jp;w;Austria;4956,62;24.07.1996
247;Constantin;Striker;cstriker6u@skyrock.com;m;Switzerland;1814,55;06.05.1983
248;Ardys;Sciusscietto;asciusscietto6v@sitemeter.com;w;Germany;6300,6;04.10.1979
249;Mackenzie;Sleigh;msleigh6w@tripod.com;m;Germany;4770,16;07.02.1999
250;Adriena;Every;aevery6x@house.gov;w;Switzerland;3471,07;13.07.1988
251;Leonid;Giraudeau;lgiraudeau6y@ucsd.edu;m;Germany;2817,63;27.11.1985
252;Lilas;Dwyr;ldwyr6z@redcross.org;w;Germany;6717,25;30.10.1987
253;Diannne;Anscott;danscott70@google.fr;w;Germany;2464,7;03.08.1993
254;Jenda;Clinch;jclinch71@thetimes.co.uk;w;Germany;5278,68;12.11.1986
255;Doralynn;Wasiela;dwasiela72@uol.com.br;w;Germany;2505,03;08.11.1999
256;Julie;Nutkins;jnutkins73@amazon.co.uk;m;Germany;3568,31;11.06.1978
257;Moira;Giblin;mgiblin74@yandex.ru;w;Germany;5199,39;17.03.1987
258;Alleen;Cluckie;acluckie75@illinois.edu;w;Austria;6629,49;08.01.1989
259;Tedie;Copperwaite;tcopperwaite76@youku.com;m;Germany;5905,57;15.12.1985
260;Berni;Eyckelbeck;beyckelbeck77@alibaba.com;w;Germany;1811,71;01.09.1971
261;Nicolais;Cornier;ncornier78@oracle.com;m;Germany;6630,48;19.05.1987
262;Porter;Comberbeach;pcomberbeach79@wordpress.com;m;Germany;7616,6;25.09.1973
263;Ward;Greaterex;wgreaterex7a@constantcontact.com;m;Germany;3987,26;19.04.1970
264;Cissiee;Field;cfield7b@nbcnews.com;w;Switzerland;7753,41;14.07.1980
265;Devin;Danbury;ddanbury7c@ycombinator.com;w;Germany;7445,8;03.09.1975
266;Nelli;Hulse;nhulse7d@flavors.me;w;Germany;3173,46;07.11.1996
267;Lee;Squires;lsquires7e@csmonitor.com;m;Austria;6463,04;19.12.1977
268;Law;Ariss;lariss7f@telegraph.co.uk;m;Germany;4468,64;16.11.1976
269;Rochester;Mountfort;rmountfort7g@craigslist.org;m;Germany;7524,77;24.07.1993
270;Gaston;Potkins;gpotkins7h@hao123.com;m;Germany;5131,14;28.04.1996
271;Tonya;Stieger;tstieger7i@facebook.com;w;Germany;3208,4;11.06.1994
272;Karlan;Ommanney;kommanney7j@example.com;m;Austria;3815,81;11.07.1970
273;Toby;McAteer;tmcateer7k@a8.net;w;Germany;7598,74;04.02.1984
274;Jayme;Waren;jwaren7l@cisco.com;w;Germany;7460,13;19.05.1972
275;Renee;Sheather;rsheather7m@vkontakte.ru;w;Germany;6033,57;06.03.1995
276;Brigitte;Keems;bkeems7n@bizjournals.com;w;Germany;6119,75;24.08.1989
277;Delmar;Farr;dfarr7o@biglobe.ne.jp;m;Germany;4076,4;17.12.1980
278;Elisha;Josh;ejosh7p@fotki.com;w;Austria;1823,22;04.06.1999
279;Vivianna;McCaig;vmccaig7q@timesonline.co.uk;w;Germany;7147,57;21.04.1990
280;Loni;Tennant;ltennant7r@unesco.org;w;Germany;7320,92;29.03.1975
281;Courtnay;Farress;cfarress7s@live.com;m;Germany;7402,91;08.01.1985
282;Scarlett;Reichardt;sreichardt7t@statcounter.com;w;Austria;3054,54;24.09.1989
283;Mira;Stigers;mstigers7u@networksolutions.com;w;Germany;2003,04;15.01.1994
284;Sascha;Goodhall;sgoodhall7v@techcrunch.com;m;Austria;1974,23;02.11.1998
285;Elyse;Dabell;edabell7w@diigo.com;w;Germany;4544,08;21.07.1973
286;Jan;Knewstub;jknewstub7x@narod.ru;m;Germany;3397,96;22.05.1998
287;Aundrea;Falco;afalco7y@de.vu;w;Germany;6850,66;16.01.1995
288;Faydra;Tredinnick;ftredinnick7z@google.co.uk;w;Germany;2041,62;14.03.1973
289;Gale;Cunnington;gcunnington80@nbcnews.com;w;Germany;2746,08;14.12.1995
290;Garreth;Gauchier;ggauchier81@mysql.com;m;Germany;6183,49;12.07.1999
291;Hasheem;Hun;hhun82@jugem.jp;m;Germany;5214,53;06.06.2000
292;Teirtza;Poel;tpoel83@harvard.edu;w;Germany;5606,24;10.02.1972
293;Chet;Durtnell;cdurtnell84@hp.com;m;Austria;4933,86;28.12.1997
294;Cinnamon;Suffe;csuffe85@dell.com;w;Germany;6562;10.04.1995
295;Ericha;Wigin;ewigin86@edublogs.org;w;Germany;6930,08;09.08.1981
296;Jens;Spada;jspada87@narod.ru;m;Germany;5078,98;03.09.1973
297;Sayres;Challice;schallice88@vimeo.com;m;Germany;4767,51;29.09.1985
298;Gabrielle;Valerius;gvalerius89@people.com.cn;w;Germany;3300,95;22.06.1992
299;Zachery;Herreros;zherreros8a@uol.com.br;m;Germany;5607,7;06.03.1981
300;Elsey;Oliphand;eoliphand8b@github.io;w;Switzerland;1819,49;26.09.1992
301;Cosmo;Hardinge;chardinge8c@squarespace.com;m;Germany;1907,98;23.03.1980
302;Lavena;McRae;lmcrae8d@google.com.au;w;Germany;6243,64;18.09.1994
303;Gery;Harback;gharback8e@netvibes.com;m;Austria;2674,37;21.06.1990
304;Rochette;Crohan;rcrohan8f@diigo.com;w;Germany;2970,13;31.12.1989
305;Iain;Guillard;iguillard8g@oracle.com;m;Germany;3915,84;11.11.1973
306;Jermayne;MacPhail;jmacphail8h@deliciousdays.com;m;Switzerland;7151,8;26.03.1970
307;Eugenius;Moraleda;emoraleda8i@msn.com;m;Germany;4233,27;18.02.1982
308;Codi;Yezafovich;cyezafovich8j@nih.gov;w;Germany;3547;29.05.1988
309;Briant;Stansall;bstansall8k@mediafire.com;m;Germany;6775,32;27.07.1979
310;Cortney;Basini-Gazzi;cbasinigazzi8l@hostgator.com;w;Germany;7690,25;30.12.1997
311;Moreen;Moscrop;mmoscrop8m@dmoz.org;w;Germany;1836,07;08.10.1991
312;Morganne;Petschel;mpetschel8n@adobe.com;w;Germany;5476,31;19.05.1974
313;Virgie;Lavin;vlavin8o@ocn.ne.jp;m;Germany;4105,59;04.04.1999
314;Burty;Vittery;bvittery8p@csmonitor.com;m;Germany;7449,01;19.10.1986
315;Blane;Goodenough;bgoodenough8q@unblog.fr;m;Germany;3145,47;08.10.1975
316;Bastian;Segeswoeth;bsegeswoeth8r@mapy.cz;m;Germany;7172,69;18.11.1990
317;Hendrika;Winteringham;hwinteringham8s@artisteer.com;w;Germany;4903,57;21.06.1982
318;Whit;Lewton;wlewton8t@mediafire.com;m;Germany;2223,74;23.04.1973
319;Dulsea;Feehan;dfeehan8u@examiner.com;w;Austria;5923,64;03.05.1976
320;Aimil;Binder;abinder8v@latimes.com;w;Germany;6281,33;08.08.1985
321;Rasla;Harnetty;rharnetty8w@vistaprint.com;w;Germany;3716,88;01.11.1986
322;Rusty;Beernaert;rbeernaert8x@dyndns.org;m;Germany;6615,84;23.06.1976
323;Jarrod;Skittles;jskittles8y@imageshack.us;m;Austria;5856,15;17.02.1998
324;Yoshiko;Prosek;yprosek8z@google.nl;w;Germany;4799,26;09.09.1992
325;Brandon;Mussared;bmussared90@google.com.br;m;Switzerland;7622,62;15.12.1992
326;Ivie;Hellmer;ihellmer91@tinypic.com;w;Germany;5723,94;02.03.1992
327;Emlen;Jurasz;ejurasz92@drupal.org;m;Switzerland;2313,37;02.04.1979
328;Pippy;McGarva;pmcgarva93@utexas.edu;w;Germany;2919,37;14.08.1981
329;Henrietta;Inworth;hinworth94@blog.com;w;Switzerland;7585,12;04.04.1993
330;Mira;Oolahan;moolahan95@craigslist.org;w;Germany;4889,39;14.06.1986
331;Marlena;Minocchi;mminocchi96@posterous.com;w;Germany;7082,76;01.07.1974
332;Teresa;Petschel;tpetschel97@yahoo.co.jp;w;Germany;3347,53;10.07.1982
333;Horton;Nunson;hnunson98@acquirethisname.com;m;Germany;3826,57;18.09.1985
334;Dexter;Ivakhno;divakhno99@scientificamerican.com;m;Germany;1849,52;19.12.1991
335;Jocko;Cowin;jcowin9a@mapquest.com;m;Germany;4659,49;01.05.1989
336;Any;Brizland;abrizland9b@thetimes.co.uk;m;Switzerland;1921,18;24.03.1984
337;Borden;Eloy;beloy9c@examiner.com;m;Germany;2057,68;05.06.1998
338;Vale;Stemp;vstemp9d@issuu.com;m;Germany;2481,09;20.02.1975
339;Coletta;Maccrie;cmaccrie9e@lycos.com;w;Germany;3946,76;04.06.1977
340;Shandie;Beauchop;sbeauchop9f@360.cn;w;Germany;4345,2;20.04.2000
341;Libbie;Skill;lskill9g@dailymail.co.uk;w;Germany;1945,63;09.01.1990
342;Yancey;Androlli;yandrolli9h@gmpg.org;m;Germany;7509,48;20.02.1970
343;Shurwood;Danielsohn;sdanielsohn9i@sohu.com;m;Germany;3231;05.07.1994
344;Ignace;Hundell;ihundell9j@prweb.com;m;Germany;6588,97;06.08.1976
345;Cort;Mc Caughen;cmccaughen9k@home.pl;m;Germany;6230,24;01.01.1973
346;Car;Iddens;ciddens9l@wikipedia.org;m;Germany;3138,85;25.01.1986
347;Linet;Thackwray;lthackwray9m@mtv.com;w;Switzerland;2236,69;24.02.1988
348;Davidde;Maddy;dmaddy9n@sbwire.com;m;Germany;2905,65;07.01.1992
349;Geri;Niccols;gniccols9o@people.com.cn;m;Germany;5046,23;04.08.1973
350;Leigh;Vuittet;lvuittet9p@phoca.cz;m;Germany;5975,84;12.01.1972
351;Bernita;Foskett;bfoskett9q@usda.gov;w;Germany;3013,66;11.05.1985
352;Konstantin;Hemeret;khemeret9r@canalblog.com;m;Germany;3462,24;14.04.1982
353;Burch;Reddle;breddle9s@free.fr;m;Austria;2283,82;11.07.1986
354;Amerigo;Jennens;ajennens9t@posterous.com;m;Austria;4629,05;20.03.1973
355;Kalinda;Matthis;kmatthis9u@blinklist.com;w;Germany;6722,79;07.03.1981
356;Edee;Hallbord;ehallbord9v@economist.com;w;Germany;4108,46;22.06.1989
357;Darrick;Roux;droux9w@baidu.com;m;Germany;1995,85;18.09.1972
358;Mar;Simnell;msimnell9x@paypal.com;m;Germany;6733,35;08.09.1986
359;Dareen;Branney;dbranney9y@vistaprint.com;w;Germany;3569,52;29.12.1992
360;Sandy;Baseke;sbaseke9z@tinypic.com;m;Germany;5944,34;12.05.2000
361;Grant;Shales;gshalesa0@shareasale.com;m;Germany;3585,25;12.09.1987
362;Dee;Chesworth;dcheswortha1@noaa.gov;w;Austria;3071,8;21.05.1976
363;Erica;De Zuani;edezuania2@pbs.org;w;Austria;2557,86;09.09.1986
364;Haslett;Gley;hgleya3@canalblog.com;m;Germany;6867,25;02.01.1992
365;Gena;Amps;gampsa4@answers.com;w;Austria;4701,41;24.08.1982
366;Deb;Mendel;dmendela5@loc.gov;w;Switzerland;2290,93;18.06.1981
367;Cello;Dowry;cdowrya6@phpbb.com;m;Germany;4858,71;09.03.1979
368;Brennan;Bradneck;bbradnecka7@foxnews.com;m;Switzerland;5074,64;24.09.1990
369;Stephi;Casolla;scasollaa8@github.com;w;Germany;6479,91;08.03.1971
370;Laughton;Otteridge;lotteridgea9@imageshack.us;m;Germany;3594,17;17.01.1982
371;Winonah;Groombridge;wgroombridgeaa@ft.com;w;Germany;5347,42;04.08.1990
372;Kerrill;Rustadge;krustadgeab@imgur.com;w;Germany;2160,83;18.12.1978
373;Brunhilda;Jekyll;bjekyllac@mashable.com;w;Germany;6008,73;13.03.1985
374;Dill;Blundon;dblundonad@naver.com;m;Switzerland;2031,49;08.02.1987
375;Humberto;Screwton;hscrewtonae@feedburner.com;m;Austria;3110,55;18.11.1992
376;Ellwood;Crowch;ecrowchaf@xing.com;m;Germany;2489,36;12.02.1984
377;Far;Faunt;ffauntag@comcast.net;m;Switzerland;5092,95;05.08.1981
378;Talbot;Fruin;tfruinah@squidoo.com;m;Germany;4366,06;01.03.1971
379;Heinrick;Poate;hpoateai@behance.net;m;Germany;7421,67;22.08.1986
380;Leda;Cissen;lcissenaj@google.de;w;Germany;7547,08;15.02.1977
381;Rancell;Cutchey;rcutcheyak@yellowbook.com;m;Austria;7596,36;05.02.1997
382;Tove;Fishbourn;tfishbournal@desdev.cn;w;Switzerland;2914,16;16.11.1971
383;Aldin;Danneil;adanneilam@xrea.com;m;Germany;1814,99;17.11.1979
384;Kipp;De Mitri;kdemitrian@a8.net;m;Switzerland;1867,03;18.02.1984
385;Cherie;Brastead;cbrasteadao@un.org;w;Germany;3161,53;09.11.1979
386;Billy;Bretherick;bbretherickap@elpais.com;w;Germany;2675,37;20.08.1986
387;Leona;Springthorpe;lspringthorpeaq@sitemeter.com;w;Switzerland;2114,45;25.07.1996
388;Maryanna;Blunn;mblunnar@yandex.ru;w;Germany;5345,51;26.08.1975
389;Audry;Baurerich;abaurerichas@washington.edu;w;Germany;2979,74;26.08.1980
390;Bert;Letherbury;bletherburyat@google.co.uk;m;Germany;4549,01;26.09.1988
391;Richie;McNee;rmcneeau@dmoz.org;m;Austria;3160,46;26.01.1997
392;Larine;Extil;lextilav@digg.com;w;Germany;4585,64;05.07.1983
393;Griffith;Liles;glilesaw@auda.org.au;m;Germany;3962,77;29.10.1977
394;Tiffanie;Kulver;tkulverax@privacy.gov.au;w;Germany;4597,42;03.02.1995
395;Logan;Hew;lheway@devhub.com;m;Austria;2328,83;22.07.1973
396;Lelah;Sparsholt;lsparsholtaz@jimdo.com;w;Germany;1894,55;24.06.1981
397;Avivah;Kealy;akealyb0@discovery.com;w;Germany;4419,78;05.09.1986
398;Adelind;Ferrini;aferrinib1@dailymail.co.uk;w;Germany;6192,64;05.05.1998
399;Zara;Claridge;zclaridgeb2@wix.com;w;Germany;4505,35;30.05.1997
400;Hillary;Bithell;hbithellb3@oracle.com;m;Germany;3085,13;07.07.1981
401;Joachim;Sailes;jsailesb4@de.vu;m;Germany;3545,16;26.09.1998
402;Rosanna;Hassur;rhassurb5@mozilla.com;w;Austria;3311,15;31.01.1981
403;Brewer;Bevans;bbevansb6@newyorker.com;m;Austria;1894,88;23.12.1983
404;Emmett;Clowney;eclowneyb7@yahoo.com;m;Austria;7704,12;18.09.1987
405;Wenona;Biggadike;wbiggadikeb8@alibaba.com;w;Austria;4128,8;29.11.1996
406;Jon;Demangeot;jdemangeotb9@pbs.org;m;Germany;2631,77;29.12.1971
407;Flemming;Trematick;ftrematickba@lulu.com;m;Germany;4501,65;12.11.1994
408;Valentine;Waything;vwaythingbb@ebay.com;w;Germany;6828,96;22.09.1983
409;Karla;Adel;kadelbc@phoca.cz;w;Germany;6870,98;27.05.1976
410;Hayden;Bartkiewicz;hbartkiewiczbd@edublogs.org;m;Germany;6874,94;19.07.1974
411;Sadye;Quemby;squembybe@cloudflare.com;w;Germany;2084,61;29.07.1978
412;Reggi;Watchorn;rwatchornbf@dmoz.org;w;Germany;2828;30.11.1989
413;Quentin;Archibould;qarchibouldbg@joomla.org;w;Germany;2747,97;13.04.1972
414;Clem;Canacott;ccanacottbh@yolasite.com;w;Germany;4331,23;21.08.1993
415;Minni;Van Dale;mvandalebi@google.fr;w;Switzerland;7670,62;18.05.1996
416;Hurleigh;Dignall;hdignallbj@adobe.com;m;Austria;7095,98;13.11.1988
417;Salomon;Swiers;sswiersbk@yale.edu;m;Austria;6881,17;10.06.1982
418;Thia;Oran;toranbl@imgur.com;w;Switzerland;7740,93;15.10.1981
419;Sky;Leadley;sleadleybm@altervista.org;m;Germany;3191,5;01.04.1992
420;See;Dormon;sdormonbn@vimeo.com;m;Germany;5921,65;10.07.1993
421;Wendi;Rodden;wroddenbo@google.es;w;Germany;4997,4;21.06.1972
422;Kippar;Olner;kolnerbp@nationalgeographic.com;m;Germany;2563,43;26.11.1993
423;Lind;Wessell;lwessellbq@constantcontact.com;w;Germany;4182,23;28.12.1974
424;Walt;Scawen;wscawenbr@ameblo.jp;m;Germany;3932,11;23.02.1988
425;Sergeant;Darracott;sdarracottbs@php.net;m;Switzerland;7719,36;19.01.1990
426;Sherilyn;Mangan;smanganbt@flavors.me;w;Germany;7091,73;09.05.1991
427;Forster;McAllaster;fmcallasterbu@exblog.jp;m;Germany;6011,21;11.04.1991
428;Afton;Vause;avausebv@last.fm;w;Austria;2878,19;11.10.1994
429;Aryn;Cassam;acassambw@businesswire.com;w;Germany;4918,21;01.07.1971
430;Kerby;Nairy;knairybx@census.gov;m;Germany;3229,72;03.10.1990
431;Gladys;Levison;glevisonby@flickr.com;w;Austria;2806,99;13.06.1976
432;Letta;Cubbon;lcubbonbz@webeden.co.uk;w;Austria;4568,08;20.03.1980
433;Ellsworth;Sitch;esitchc0@creativecommons.org;m;Germany;4319,66;09.05.1976
434;Padget;Wallace;pwallacec1@ft.com;m;Germany;6420,91;20.08.1980
435;Cynthy;Sline;cslinec2@bigcartel.com;w;Germany;4222,6;05.06.1992
436;Jolee;Breming;jbremingc3@ask.com;w;Austria;6853,49;16.05.1983
437;Renard;Stovin;rstovinc4@wunderground.com;m;Switzerland;5574,72;28.04.1993
438;Normie;Scopyn;nscopync5@chron.com;m;Switzerland;4474,22;15.02.1992
439;Terri-jo;McAughtrie;tmcaughtriec6@nytimes.com;w;Germany;6709,83;18.05.1996
440;Donal;Senn;dsennc7@thetimes.co.uk;m;Germany;4723,32;22.03.1974
441;Maegan;Marquot;mmarquotc8@upenn.edu;w;Germany;4463,04;05.03.1996
442;Suzy;Forrestall;sforrestallc9@nih.gov;w;Germany;3869,84;25.02.1992
443;Ashly;Bedinham;abedinhamca@com.com;w;Switzerland;6211,35;16.11.1985
444;Hussein;Stoakley;hstoakleycb@sogou.com;m;Switzerland;4627,58;31.08.1998
445;Philipa;McGarvie;pmcgarviecc@canalblog.com;w;Germany;6923,76;22.02.1970
446;Neila;Dudson;ndudsoncd@diigo.com;w;Austria;7325,07;20.08.1972
447;Gusta;Delafoy;gdelafoyce@mozilla.org;w;Germany;7757,9;13.01.1988
448;Rhetta;Eskriet;reskrietcf@japanpost.jp;w;Germany;6065,92;19.10.1977
449;Ring;Gabb;rgabbcg@epa.gov;m;Germany;5399,15;05.06.1998
450;Galvin;Roalfe;groalfech@etsy.com;m;Germany;3013,48;12.02.1985
451;Penelope;Dennes;pdennesci@webeden.co.uk;w;Austria;4403,45;17.09.1977
452;Drake;Soaper;dsoapercj@go.com;m;Germany;3230,5;14.08.1985
453;Corbet;Witty;cwittyck@mapy.cz;m;Germany;4709,54;09.09.1998
454;Salomon;Worstall;sworstallcl@fema.gov;m;Germany;5614,56;25.09.1997
455;Renell;Beazleigh;rbeazleighcm@dell.com;w;Switzerland;5456,27;17.07.1984
456;Lamond;Semble;lsemblecn@cpanel.net;m;Germany;6930,27;13.09.1993
457;Katey;Gravy;kgravyco@gnu.org;w;Germany;3078,9;06.04.1975
458;Herb;Mullord;hmullordcp@washington.edu;m;Germany;4179,93;14.10.1983
459;Wiley;MacCheyne;wmaccheynecq@meetup.com;m;Germany;4828,99;23.08.1980
460;Miquela;Tute;mtutecr@posterous.com;w;Germany;3973,47;21.12.1990
461;Rana;Beckhurst;rbeckhurstcs@wired.com;w;Germany;2050,27;15.11.1996
462;Corabelle;Early;cearlyct@issuu.com;w;Germany;5901,79;01.10.1988
463;Lauritz;Shama;lshamacu@altervista.org;m;Switzerland;7026,47;16.01.1985
464;Thorin;Ollive;tollivecv@comcast.net;m;Austria;3641,09;24.03.1977
465;Dewie;Holdey;dholdeycw@tuttocitta.it;m;Germany;3338,69;13.06.1995
466;Kellia;Minkin;kminkincx@census.gov;w;Germany;4946,39;11.04.1979
467;Bryanty;Hammon;bhammoncy@google.pl;m;Germany;2220,5;05.01.1982
468;Bertha;Torel;btorelcz@howstuffworks.com;w;Germany;5870,75;13.11.1988
469;Gert;Clist;gclistd0@miibeian.gov.cn;w;Germany;6438,87;30.08.1972
470;Analise;Yashin;ayashind1@istockphoto.com;w;Germany;4145,96;01.08.1982
471;Sergent;Freeman;sfreemand2@csmonitor.com;m;Germany;7162,1;25.05.1970
472;Berni;Purdie;bpurdied3@amazonaws.com;w;Austria;5280,54;23.05.1996
473;Quentin;Sibley;qsibleyd4@berkeley.edu;m;Germany;2178,84;07.03.1981
474;Livvy;Crolla;lcrollad5@bbb.org;w;Germany;3716,67;02.04.1992
475;Leese;Redmire;lredmired6@tumblr.com;w;Germany;7145,15;10.02.1985
476;Shannan;Blick;sblickd7@acquirethisname.com;m;Germany;6223,13;24.02.1997
477;Jae;Doumenc;jdoumencd8@slideshare.net;m;Germany;4331,74;16.06.1986
478;Bjorn;Bye;bbyed9@seesaa.net;m;Switzerland;3048,96;30.06.1976
479;Fleming;Letham;flethamda@ezinearticles.com;m;Germany;2596,37;07.06.1985
480;Francesca;Petrushanko;fpetrushankodb@ning.com;w;Germany;5706,27;06.12.1971
481;Dorothea;Harrill;dharrilldc@altervista.org;w;Germany;6212,76;15.05.1976
482;Lynda;Martinelli;lmartinellidd@dot.gov;w;Germany;2203,92;16.01.1972
483;Godfree;Dagleas;gdagleasde@quantcast.com;m;Germany;4560,15;11.12.1972
484;Harlie;Bowley;hbowleydf@mlb.com;w;Germany;5327,37;20.02.1980
485;Heloise;Spini;hspinidg@yandex.ru;w;Germany;2606,51;04.06.1977
486;Kissie;Comport;kcomportdh@washington.edu;w;Germany;2130,76;17.06.1970
487;Lemmie;Treend;ltreenddi@webmd.com;m;Germany;2715,25;09.05.1986
488;Dirk;Burkett;dburkettdj@foxnews.com;m;Germany;2016,46;25.12.1980
489;Terrye;Jirasek;tjirasekdk@fc2.com;w;Germany;4622,21;10.03.1997
490;Aldwin;Gossington;agossingtondl@bluehost.com;m;Germany;2940,32;19.09.1971
491;Trista;Ruprich;truprichdm@fotki.com;w;Germany;5649,97;07.05.1994
492;Aloysia;Adolfson;aadolfsondn@sbwire.com;w;Germany;3045,41;07.12.1981
493;Wat;Meeland;wmeelanddo@deviantart.com;m;Germany;4910,49;02.06.1993
494;Fredi;McDonand;fmcdonanddp@disqus.com;w;Germany;4098,5;09.06.1981
495;Augusta;Muffin;amuffindq@youtube.com;w;Germany;3674,38;06.03.1980
496;Juanita;Davenhill;jdavenhilldr@buzzfeed.com;w;Germany;7220,19;01.07.1995
497;Tybalt;Hegdonne;thegdonneds@hexun.com;m;Germany;6203,32;02.02.1991
498;Wallace;Howells;whowellsdt@google.fr;m;Switzerland;6781,67;05.06.2000
499;Tootsie;Macourek;tmacourekdu@nymag.com;w;Germany;6249,79;09.07.1990
500;Thia;Conaboy;tconaboydv@who.int;w;Germany;3510,77;25.07.1978
501;Udell;Elder;uelderdw@google.com;m;Germany;2206,27;13.10.1978
502;Manuel;Bullard;mbullarddx@flickr.com;m;Germany;1982,52;14.03.1996
503;Iorgo;Snodin;isnodindy@freewebs.com;m;Switzerland;6933,27;02.06.1991
504;Ernestus;MacRirie;emacririedz@earthlink.net;m;Switzerland;6901,43;14.04.1992
505;Frederic;Vinck;fvincke0@mlb.com;m;Switzerland;4881,84;22.08.1997
506;Melania;Brummitt;mbrummitte1@thetimes.co.uk;w;Germany;5717,67;17.05.2000
507;Annecorinne;Skegg;askegge2@clickbank.net;w;Germany;4374,36;16.08.1979
508;Romola;Top;rtope3@hhs.gov;w;Germany;5120,05;19.05.1992
509;Jamill;Sconce;jsconcee4@google.com.hk;m;Germany;6752,29;12.02.2000
510;Lockwood;Turton;lturtone5@un.org;m;Germany;7454,74;08.04.1974
511;Sayres;MacCaghan;smaccaghane6@yolasite.com;m;Switzerland;3481,37;10.07.1972
512;Adelind;McGaughey;amcgaugheye7@census.gov;w;Austria;5356,82;07.04.1971
513;Wyn;Skahill;wskahille8@who.int;m;Germany;4576,27;11.08.1979
514;Jobina;Duggon;jduggone9@chron.com;w;Germany;4842,86;08.04.1993
515;Victoir;Beardsley;vbeardsleyea@liveinternet.ru;m;Germany;6352,34;19.07.1993
516;Yasmeen;Ivons;yivonseb@51.la;w;Germany;7712,01;05.04.1988
517;Mathian;McMurty;mmcmurtyec@domainmarket.com;m;Germany;7637;10.06.1991
518;Brigg;Andraud;bandrauded@wisc.edu;m;Germany;7760,3;07.02.1986
519;Ag;Nossent;anossentee@walmart.com;w;Germany;6411,93;28.04.1978
520;Johnnie;Morritt;jmorrittef@whitehouse.gov;m;Germany;2731,38;25.01.1990
521;Douglas;Novill;dnovilleg@youku.com;m;Germany;2221,44;11.01.1993
522;Griswold;Kundert;gkunderteh@joomla.org;m;Austria;6980,15;25.12.1986
523;Kesley;O' Clovan;koclovanei@cargocollective.com;w;Germany;6866,66;25.11.1984
524;Lorinda;Pummell;lpummellej@ed.gov;w;Germany;3711,79;11.04.1972
525;Valle;Menure;vmenureek@opensource.org;m;Germany;5317,86;09.01.1988
526;Keir;Swayte;kswayteel@google.fr;m;Germany;3309,02;19.11.1999
527;Guss;Priter;gpriterem@topsy.com;m;Germany;2890,9;04.01.1991
528;Jany;Cowdery;jcowderyen@seesaa.net;w;Germany;3086,74;06.06.2000
529;Farrel;Munn;fmunneo@sitemeter.com;m;Germany;5000,3;21.10.1981
530;Zorina;Solly;zsollyep@prweb.com;w;Germany;7250,31;15.11.1980
531;Holli;Axcell;haxcelleq@usatoday.com;w;Switzerland;5357,38;15.06.1988
532;Vincenz;Tropman;vtropmaner@prweb.com;m;Austria;1987,16;22.07.1972
533;Nan;Wightman;nwightmanes@wsj.com;w;Germany;7636,8;26.09.1971
534;Cristal;McCarlie;cmccarlieet@chicagotribune.com;w;Germany;7544,55;09.06.2000
535;Hilde;MacKerley;hmackerleyeu@hugedomains.com;w;Austria;3080,85;23.09.1987
536;Etti;Mac Giany;emacgianyev@cnbc.com;w;Germany;2744,81;01.06.1980
537;Ignatius;Rowswell;irowswellew@stanford.edu;m;Austria;3063,49;27.03.1986
538;Shari;Romer;sromerex@google.com.au;w;Germany;5147,86;11.07.1973
539;Wendie;Tregien;wtregieney@freewebs.com;w;Germany;4945,46;08.08.1983
540;Stevy;Caudwell;scaudwellez@sciencedaily.com;m;Germany;7760,04;13.10.1999
541;Yolanthe;Ratcliff;yratclifff0@oracle.com;w;Germany;5536,69;02.01.1981
542;Kristopher;Gruczka;kgruczkaf1@github.com;m;Germany;4966,81;10.12.1989
543;Erasmus;Battany;ebattanyf2@free.fr;m;Germany;7368,34;24.09.1979
544;Gradey;Alekseev;galekseevf3@imgur.com;m;Germany;5328,66;04.10.1972
545;Sheffield;Rollinson;srollinsonf4@sourceforge.net;m;Germany;7450,82;20.02.1977
546;Truman;Pigrome;tpigromef5@hugedomains.com;m;Germany;7193,88;21.02.1988
547;Johnny;Klimpke;jklimpkef6@1und1.de;m;Germany;7624,64;08.03.1982
548;Wolfy;Dwane;wdwanef7@miibeian.gov.cn;m;Germany;3224,43;08.08.1980
549;May;Verring;mverringf8@dyndns.org;w;Germany;3095,41;23.07.1970
550;Hilde;Yeude;hyeudef9@geocities.com;w;Germany;3641,56;01.03.1981
551;Sinclare;Ebbage;sebbagefa@trellian.com;m;Germany;7711,26;03.05.1974
552;Hedwig;Cours;hcoursfb@mayoclinic.com;w;Switzerland;5464,25;24.07.1985
553;Jude;Buyers;jbuyersfc@independent.co.uk;m;Germany;5280,21;03.01.1986
554;Dorri;Caldeyroux;dcaldeyrouxfd@princeton.edu;w;Austria;5795,88;29.07.1996
555;Levy;Dornin;ldorninfe@forbes.com;m;Germany;4086,04;17.10.1986
556;Janina;Atter;jatterff@indiegogo.com;w;Germany;7027,71;24.03.1975
557;Irina;Basillon;ibasillonfg@cam.ac.uk;w;Germany;1918,45;22.08.1996
558;Doria;O'Shee;dosheefh@hhs.gov;w;Germany;3732,99;07.03.1979
559;Sandy;Le Marquis;slemarquisfi@blogs.com;m;Germany;3169,15;30.10.1988
560;Shandeigh;Gaitley;sgaitleyfj@intel.com;w;Germany;2936,38;02.10.1983
561;Pembroke;Birtles;pbirtlesfk@webs.com;m;Austria;3699,69;22.11.1974
562;Gardener;Bristo;gbristofl@ihg.com;m;Switzerland;6918,75;25.11.1999
563;Clarabelle;Amesbury;camesburyfm@msu.edu;w;Germany;5929,95;18.07.1995
564;Otha;Grishakin;ogrishakinfn@blinklist.com;w;Germany;2445,15;24.04.1978
565;Mason;Severns;msevernsfo@usatoday.com;m;Germany;5132,64;13.02.1975
566;Jeth;Munkley;jmunkleyfp@prweb.com;m;Switzerland;5402,41;18.05.2000
567;Gilligan;De Freyne;gdefreynefq@angelfire.com;w;Germany;5043,09;05.11.1986
568;Norri;De Banke;ndebankefr@angelfire.com;w;Germany;5075,02;19.03.1977
569;Jaimie;Banck;jbanckfs@sphinn.com;m;Germany;2584,03;24.12.1984
570;Eyde;Rosenbloom;erosenbloomft@shutterfly.com;w;Germany;7734,2;05.06.1983
571;Ann;MacAllister;amacallisterfu@fastcompany.com;w;Germany;5201,16;27.07.1993
572;Ramsey;Prosser;rprosserfv@google.cn;m;Germany;5299,55;11.04.1984
573;Wayland;Kemsley;wkemsleyfw@abc.net.au;m;Switzerland;3501,72;13.07.1997
574;Brian;Fincham;bfinchamfx@naver.com;m;Germany;2047,92;21.05.1979
575;Rickard;Marrill;rmarrillfy@4shared.com;m;Germany;5362,48;02.12.1988
576;Amalia;Mossdale;amossdalefz@admin.ch;w;Germany;7781,45;25.06.1988
577;Manon;Fencott;mfencottg0@stumbleupon.com;w;Germany;4840,53;11.05.1980
578;Willi;Yakubowicz;wyakubowiczg1@posterous.com;m;Austria;1899,29;24.07.1984
579;Teirtza;Crayton;tcraytong2@wsj.com;w;Germany;6375,74;29.06.1971
580;Sven;Fockes;sfockesg3@nba.com;m;Germany;7425,93;10.03.1995
581;Illa;Kildale;ikildaleg4@twitpic.com;w;Switzerland;5096,11;01.07.1983
582;Mikol;O'Hagan;mohagang5@sbwire.com;m;Germany;4373,2;22.06.1994
583;Zsazsa;Yeldon;zyeldong6@hatena.ne.jp;w;Germany;6263,2;03.11.1980
584;Jonell;Northway;jnorthwayg7@360.cn;w;Germany;3701,15;15.03.1996
585;Aleda;Matousek;amatousekg8@baidu.com;w;Switzerland;3822,47;01.04.1999
586;Kath;Wiggington;kwiggingtong9@oakley.com;w;Switzerland;2636,91;16.03.1999
587;Wendell;Gaucher;wgaucherga@harvard.edu;m;Germany;2450,47;08.04.1992
588;Alain;Sherebrooke;asherebrookegb@utexas.edu;m;Austria;7355,93;14.02.1980
589;Dorena;Philipp;dphilippgc@t.co;w;Germany;4662,2;12.12.1975
590;Dov;Gresswell;dgresswellgd@census.gov;m;Germany;6211,5;09.12.1993
591;Tandie;Summerell;tsummerellge@google.fr;w;Germany;5449,95;07.01.1994
592;Edi;Crinage;ecrinagegf@mtv.com;w;Germany;7048;29.09.1998
593;Ulrikaumeko;Ballinghall;uballinghallgg@a8.net;w;Germany;2781,6;04.05.1975
594;Madge;O'Cosgra;mocosgragh@meetup.com;w;Germany;2620,97;15.02.1986
595;Lexis;Vaines;lvainesgi@youtu.be;w;Germany;7609,48;14.07.1975
596;Rodge;Spilsbury;rspilsburygj@senate.gov;m;Germany;3046,51;28.08.1983
597;Ginnifer;Baignard;gbaignardgk@si.edu;w;Austria;6003,74;10.09.1978
598;Huntlee;Ganter;hgantergl@dailymotion.com;m;Germany;2195,15;22.02.1985
599;Murdoch;Ricca;mriccagm@oakley.com;m;Germany;6069,51;18.08.1995
600;Kingsley;Copcote;kcopcotegn@japanpost.jp;m;Germany;2720,22;07.02.1996
601;Emmerich;Sibbit;esibbitgo@about.com;m;Switzerland;2517,7;21.11.1986
602;Nevin;Broderick;nbroderickgp@cnet.com;m;Switzerland;7636,43;29.10.1979
603;Micaela;Boxe;mboxegq@nasa.gov;w;Germany;6959,43;25.09.1980
604;Isidor;Gobbett;igobbettgr@bluehost.com;m;Germany;4015,75;29.09.1996
605;Ellary;McGrudder;emcgruddergs@ebay.com;m;Germany;4144,57;23.09.1999
606;Reinald;Tatterton;rtattertongt@friendfeed.com;m;Germany;6250,99;27.11.1999
607;Birk;Kidby;bkidbygu@tripadvisor.com;m;Germany;7741,95;09.04.1996
608;Sile;Tchaikovsky;stchaikovskygv@ycombinator.com;w;Switzerland;7477,26;30.04.1970
609;Clerkclaude;Tenant;ctenantgw@ifeng.com;m;Switzerland;6937,4;02.08.1980
610;Aldus;Whittaker;awhittakergx@foxnews.com;m;Germany;6243,72;29.06.1984
611;Tonia;Liston;tlistongy@ning.com;w;Germany;5789,43;19.12.1994
612;Dalis;O'Donegan;dodonegangz@reddit.com;m;Germany;4878,94;10.08.1987
613;Carlita;MacKartan;cmackartanh0@addtoany.com;w;Germany;6851,51;08.02.1990
614;Frederick;Sharrocks;fsharrocksh1@blogs.com;m;Switzerland;2496,69;11.02.1999
615;Cassondra;Oiller;coillerh2@npr.org;w;Germany;3828,81;24.09.1976
616;Cassandre;Comer;ccomerh3@wsj.com;w;Germany;1972,77;04.06.1995
617;Sheila-kathryn;Nisard;snisardh4@constantcontact.com;w;Germany;3526,38;28.06.1990
618;Goldie;Cinnamond;gcinnamondh5@msn.com;w;Germany;5671,05;24.04.1984
619;Brigitte;Coffee;bcoffeeh6@xing.com;w;Germany;2937,42;08.06.1992
620;Doti;Moorey;dmooreyh7@hatena.ne.jp;w;Switzerland;7620,29;20.03.1978
621;Avram;Huntriss;ahuntrissh8@gnu.org;m;Germany;4605,27;12.11.1993
622;Timmy;Hubbucke;thubbuckeh9@bing.com;m;Germany;7322,95;12.06.1979
623;Jillie;Cassy;jcassyha@oaic.gov.au;w;Switzerland;5065,51;16.02.1985
624;Law;Bruggen;lbruggenhb@apple.com;m;Germany;2510,25;17.09.1984
625;Vern;Hawker;vhawkerhc@columbia.edu;m;Germany;3105,35;25.07.1977
626;Shadow;Papps;spappshd@webeden.co.uk;m;Germany;2502,7;10.02.1982
627;Willyt;Goodinson;wgoodinsonhe@geocities.com;w;Austria;4051,82;20.04.1978
628;Waldo;Gladbeck;wgladbeckhf@1688.com;m;Germany;2809,94;21.02.1980
629;Rosalinde;Bradtke;rbradtkehg@meetup.com;w;Germany;5000,48;14.07.1980
630;Stanislas;Gomes;sgomeshh@netlog.com;m;Germany;2352,34;18.01.1981
631;Ron;Menere;rmenerehi@google.pl;m;Germany;4973,94;05.02.1973
632;Brantley;Avramovich;bavramovichhj@gizmodo.com;m;Germany;4218,95;17.04.1976
633;Elwyn;Cosh;ecoshhk@columbia.edu;m;Germany;3108,31;28.03.1985
634;Alia;Sogg;asogghl@drupal.org;w;Germany;2648,49;19.07.1994
635;Tommie;Townby;ttownbyhm@people.com.cn;w;Germany;5523,04;29.05.1995
636;Rozalin;Wenham;rwenhamhn@aboutads.info;w;Germany;3899,01;23.08.1975
637;Andre;Oag;aoagho@earthlink.net;m;Germany;3270,21;17.03.1999
638;Mort;Deakin;mdeakinhp@i2i.jp;m;Germany;5736,62;22.10.1980
639;Leonard;Sworne;lswornehq@mlb.com;m;Switzerland;6130,98;18.04.1978
640;Clint;Hillum;chillumhr@stumbleupon.com;m;Germany;5655,03;17.06.1999
641;Waldon;Kemshell;wkemshellhs@wufoo.com;m;Germany;7320,69;11.07.1993
642;Teddie;Edmunds;tedmundsht@cdbaby.com;m;Switzerland;6845,59;24.06.1998
643;Kennie;Dandie;kdandiehu@mapy.cz;m;Germany;2045,45;17.10.1992
644;Cecile;Pumphrey;cpumphreyhv@ow.ly;w;Germany;2624,06;08.03.1976
645;Saidee;Spillman;sspillmanhw@msn.com;w;Germany;2549,94;09.10.1988
646;Hakeem;D'eath;hdeathhx@constantcontact.com;m;Germany;3488,55;13.04.1993
647;Roderic;Gaye;rgayehy@tuttocitta.it;m;Germany;4780,4;03.07.1984
648;Ilaire;Lidstone;ilidstonehz@goodreads.com;m;Germany;7493,71;07.11.1971
649;Darcy;Pedrielli;dpedriellii0@ihg.com;m;Germany;5323,2;19.06.1981
650;Gilberte;Gilder;ggilderi1@barnesandnoble.com;w;Switzerland;6364,61;12.09.1975
651;Lynnett;Pepperd;lpepperdi2@google.co.jp;w;Germany;4261,07;16.04.1977
652;Kendrick;Madrell;kmadrelli3@istockphoto.com;m;Germany;4854,2;15.09.1976
653;Juanita;Fattorini;jfattorinii4@friendfeed.com;w;Germany;2571,07;03.01.1998
654;Mallory;Castagne;mcastagnei5@hostgator.com;w;Austria;6918,24;27.07.1974
655;Niles;Gould;ngouldi6@samsung.com;m;Germany;1933,39;30.11.1973
656;Alaster;Paylie;apayliei7@nyu.edu;m;Germany;3669,75;06.04.1997
657;Sheelah;Casse;scassei8@uol.com.br;w;Switzerland;7314,68;29.04.1995
658;Brenna;Ewin;bewini9@infoseek.co.jp;w;Germany;4726,17;04.06.1990
659;Andrea;Maulden;amauldenia@geocities.jp;m;Germany;5446,29;17.01.1999
660;Sheela;Darth;sdarthib@liveinternet.ru;w;Germany;2990,7;11.08.1982
661;Boot;Swigger;bswiggeric@mozilla.com;m;Germany;6605,99;13.04.1971
662;Denna;Poulglais;dpoulglaisid@meetup.com;w;Germany;3303,7;23.08.1991
663;Wallas;Guest;wguestie@omniture.com;m;Germany;4212,58;29.05.1994
664;Rice;Cavill;rcavillif@ihg.com;m;Germany;3596,35;11.01.2000
665;Mayne;Qusklay;mqusklayig@issuu.com;m;Germany;2972,01;19.03.1990
666;Kelsey;Kundt;kkundtih@rediff.com;m;Austria;5939,25;15.12.1986
667;Stern;Beedham;sbeedhamii@pagesperso-orange.fr;m;Austria;3670,75;26.04.1975
668;Adel;Du Fray;adufrayij@economist.com;w;Germany;7197,15;09.05.1997
669;Isaac;Duffy;iduffyik@yellowpages.com;m;Germany;2314,17;05.05.1983
670;Irita;Manis;imanisil@dmoz.org;w;Austria;2690,9;10.11.1980
671;Donia;Dudliston;ddudlistonim@sphinn.com;w;Germany;7455,65;22.02.1984
672;Bondon;Smitheram;bsmitheramin@shutterfly.com;m;Germany;7245,02;28.09.1977
673;Marmaduke;Statersfield;mstatersfieldio@vimeo.com;m;Germany;2805,43;10.03.1981
674;Herta;MacGowing;hmacgowingip@fda.gov;w;Austria;4004,42;16.06.1996
675;Elna;Jaggard;ejaggardiq@cnbc.com;w;Germany;3135,5;26.07.1993
676;Dalston;Kingston;dkingstonir@chronoengine.com;m;Austria;6479,46;27.01.1995
677;Gabie;Allaker;gallakeris@ca.gov;m;Germany;6105,51;17.01.1993
678;Genevieve;Vondrak;gvondrakit@adobe.com;w;Germany;3814,84;30.07.1977
679;Tito;Ebourne;tebourneiu@ow.ly;m;Germany;6948,08;16.11.1980
680;Nick;Smeaton;nsmeatoniv@redcross.org;m;Germany;3074,05;07.05.1975
681;Burnard;Easun;beasuniw@twitter.com;m;Germany;4058,92;01.05.1986
682;Vanni;Pudner;vpudnerix@usnews.com;w;Germany;5821,21;09.10.1985
683;Tonya;Somes;tsomesiy@alexa.com;w;Germany;3379,17;22.12.1974
684;Rem;Stubley;rstubleyiz@mtv.com;m;Germany;7033,22;01.09.1987
685;Zachery;Hailey;zhaileyj0@cloudflare.com;m;Germany;2914,33;12.11.1983
686;Carlye;Winyard;cwinyardj1@oaic.gov.au;w;Germany;5553,46;18.09.1983
687;Mariele;Viccary;mviccaryj2@uol.com.br;w;Germany;7125,57;16.05.1977
688;Grady;Sturt;gsturtj3@free.fr;m;Switzerland;6294,86;08.11.1992
689;Keelby;Coare;kcoarej4@flickr.com;m;Switzerland;7736,15;26.09.1978
690;Karim;Durward;kdurwardj5@spotify.com;m;Germany;4901,97;10.09.1985
691;Walther;Yankeev;wyankeevj6@bigcartel.com;m;Germany;3430,41;25.10.1982
692;Evelyn;Paterno;epaternoj7@indiatimes.com;w;Germany;2445,69;07.12.1987
693;Greg;McConnulty;gmcconnultyj8@typepad.com;m;Germany;3249,34;09.08.1986
694;Alys;Heintsch;aheintschj9@bluehost.com;w;Germany;5817;07.02.1983
695;Patrizio;Domino;pdominoja@miitbeian.gov.cn;m;Germany;7120,7;24.11.1992
696;Peggy;Macklam;pmacklamjb@fema.gov;w;Austria;6379,65;23.07.1983
697;Mathe;Ronci;mroncijc@last.fm;m;Switzerland;5294,84;05.08.1980
698;Karyn;Perview;kperviewjd@jalbum.net;w;Germany;7068,59;10.11.1989
699;Erda;Loomis;eloomisje@livejournal.com;w;Germany;4800,87;25.12.1998
700;Margaux;Dolton;mdoltonjf@noaa.gov;w;Germany;3777,29;19.06.1995
701;Deb;Lytle;dlytlejg@g.co;w;Switzerland;2975,26;24.10.1974
702;Genovera;Catford;gcatfordjh@people.com.cn;w;Switzerland;1982,34;28.11.1982
703;Vladamir;Winwright;vwinwrightji@ask.com;m;Germany;2044,13;22.07.1975
704;Aleta;Casey;acaseyjj@wikimedia.org;w;Germany;7584,76;25.02.1981
705;Tamera;Flower;tflowerjk@examiner.com;w;Germany;5247,76;29.06.1972
706;Marget;Stading;mstadingjl@t.co;w;Germany;3450,44;11.02.2000
707;Cristi;Mead;cmeadjm@mediafire.com;w;Austria;4937,91;01.10.1984
708;Ferdy;Housbey;fhousbeyjn@hexun.com;m;Germany;4096,01;02.11.1996
709;Lily;Mallabone;lmallabonejo@noaa.gov;w;Germany;5641,6;02.11.1978
710;Halli;Gouinlock;hgouinlockjp@flavors.me;w;Germany;1818,7;26.04.2000
711;Marcelle;Domerque;mdomerquejq@vistaprint.com;w;Germany;4362,35;18.08.1980
712;Florri;Margett;fmargettjr@aol.com;w;Germany;6526,51;04.11.1985
713;Amara;Hale;ahalejs@webeden.co.uk;w;Switzerland;2782,18;11.08.1979
714;Margarete;Bateman;mbatemanjt@epa.gov;w;Austria;1960,18;04.04.2000
715;Frederick;Corneliussen;fcorneliussenju@apple.com;m;Germany;5241,39;13.10.1995
716;Torre;Hammarberg;thammarbergjv@meetup.com;m;Germany;6902,95;02.05.1993
717;Guss;Rickardes;grickardesjw@ebay.co.uk;m;Switzerland;7544,37;14.06.1997
718;Amta;Fernando;afernandojx@clickbank.net;w;Germany;4416,2;02.01.1984
719;Padgett;Florez;pflorezjy@friendfeed.com;m;Austria;7714,8;09.02.1970
720;Donalt;Lambrechts;dlambrechtsjz@ft.com;m;Germany;6309,97;29.10.1985
721;Reg;Karolewski;rkarolewskik0@gmpg.org;m;Switzerland;2861,94;11.05.1992
722;Geoffry;Balffye;gbalffyek1@diigo.com;m;Switzerland;7448,65;26.12.1970
723;Giralda;London;glondonk2@amazon.co.uk;w;Germany;3707,52;19.07.1981
724;Artur;Goodlud;agoodludk3@arizona.edu;m;Germany;5546,56;02.08.1997
725;Ethel;McGannon;emcgannonk4@ow.ly;w;Germany;6139,56;14.10.1985
726;Filbert;Curle;fcurlek5@ucoz.ru;m;Germany;5536,63;28.09.1982
727;Neville;Faragher;nfaragherk6@epa.gov;m;Switzerland;7105,63;31.05.1983
728;Maximo;Lambshine;mlambshinek7@abc.net.au;m;Germany;6984,45;10.03.2000
729;Erika;Ochiltree;eochiltreek8@dropbox.com;w;Switzerland;2701,11;14.10.1971
730;Theresa;Itzhak;titzhakk9@imgur.com;w;Switzerland;2151,35;02.01.1987
731;Audra;Abyss;aabysska@theguardian.com;w;Germany;3301,99;21.08.1975
732;Maisie;Thornewell;mthornewellkb@cpanel.net;w;Germany;2263,61;16.03.1977
733;Bidget;Glenton;bglentonkc@blogger.com;w;Germany;5090,92;24.03.1985
734;Amelia;Heggie;aheggiekd@msn.com;w;Germany;7137,29;29.11.1996
735;Lotti;Semken;lsemkenke@webeden.co.uk;w;Switzerland;4173,79;17.11.1991
736;Dannye;Rendle;drendlekf@t-online.de;w;Germany;7545,26;28.08.1985
737;Clo;Vallentin;cvallentinkg@nasa.gov;w;Germany;4641,88;09.04.1979
738;Waldemar;Haddow;whaddowkh@wikispaces.com;m;Germany;4962,07;20.11.1983
739;Albert;Clausson;aclaussonki@soup.io;m;Switzerland;5994,04;06.07.1996
740;Erwin;Brettoner;ebrettonerkj@newyorker.com;m;Germany;5370,69;17.07.1977
741;Daisi;Stanbra;dstanbrakk@boston.com;w;Germany;4029,26;06.03.1970
742;Kata;Tash;ktashkl@mac.com;w;Germany;6488,87;10.01.1979
743;Mayor;Barrabeale;mbarrabealekm@msn.com;m;Germany;4465,22;24.04.1994
744;Kelcie;Belbin;kbelbinkn@google.com.au;w;Germany;6426,46;02.01.1997
745;Cassaundra;Northill;cnorthillko@nih.gov;w;Germany;1840,87;20.08.1988
746;Gordie;Cardon;gcardonkp@oakley.com;m;Germany;5710,9;28.01.1972
747;Jilly;Jell;jjellkq@google.es;w;Germany;5702,03;12.11.1978
748;Ephrem;Alvarado;ealvaradokr@example.com;m;Germany;2076,27;12.10.1990
749;Vlad;Cottisford;vcottisfordks@cnn.com;m;Germany;3787,96;02.04.1993
750;Gunter;MacQueen;gmacqueenkt@chron.com;m;Switzerland;5278,16;08.11.1974
751;Dewitt;Alves;dalvesku@multiply.com;m;Germany;4002,36;24.12.1993
752;Elene;Giacomuzzo;egiacomuzzokv@sitemeter.com;w;Germany;2102,18;11.01.1972
753;Rick;Smallthwaite;rsmallthwaitekw@upenn.edu;m;Germany;2338,49;22.06.1978
754;Kellen;Samsworth;ksamsworthkx@qq.com;m;Austria;7164,77;12.05.2000
755;Englebert;O'Gready;eogreadyky@elpais.com;m;Switzerland;3866,71;16.08.1991
756;Wendye;Tatem;wtatemkz@usatoday.com;w;Germany;3981,45;27.12.1979
757;Bernarr;Petrenko;bpetrenkol0@aol.com;m;Germany;3267,5;23.05.1996
758;Cross;Haugh;chaughl1@icq.com;m;Germany;4499,99;13.03.1970
759;Erina;Gaymer;egaymerl2@nymag.com;w;Germany;2193,95;10.01.1987
760;Eugene;Curness;ecurnessl3@prweb.com;m;Germany;6116,09;03.03.1986
761;Issi;Camilio;icamiliol4@a8.net;w;Germany;6533,62;30.05.1970
762;Krispin;Eseler;keselerl5@techcrunch.com;m;Germany;4639,46;01.04.1988
763;Anthia;Fray;afrayl6@wikimedia.org;w;Austria;1983,54;14.10.1994
764;Raleigh;Callum;rcalluml7@opensource.org;m;Germany;2267,11;16.05.1993
765;Ewart;Fussen;efussenl8@unesco.org;m;Germany;3114,7;18.02.1978
766;Rosella;Sands-Allan;rsandsallanl9@state.tx.us;w;Germany;4334,08;30.10.1978
767;Christoph;Mattke;cmattkela@nytimes.com;m;Germany;3555,89;20.11.1992
768;Lezley;Fuggle;lfugglelb@tripadvisor.com;m;Germany;2367,07;18.04.1980
769;Harmony;Ahmed;hahmedlc@goo.ne.jp;w;Germany;5159,52;25.01.1980
770;Michelle;O'Reilly;moreillyld@github.io;w;Germany;4064,54;03.02.1984
771;Scot;Dowthwaite;sdowthwaitele@moonfruit.com;m;Germany;5582,54;08.12.1980
772;Frieda;Sambrook;fsambrooklf@geocities.com;w;Germany;7250,66;02.10.1972
773;Fan;Jerrard;fjerrardlg@newyorker.com;w;Germany;4836,02;22.03.1995
774;Rutger;McCarver;rmccarverlh@phpbb.com;m;Germany;2983,21;21.03.1978
775;Natalya;Putland;nputlandli@blogs.com;w;Germany;2132,8;11.11.1994
776;Gallard;Shevels;gshevelslj@nyu.edu;m;Switzerland;2081,09;13.07.1996
777;Moreen;Humphris;mhumphrislk@e-recht24.de;w;Germany;2749,7;14.01.1973
778;Vilhelmina;Dudding;vduddingll@arizona.edu;w;Germany;7367,28;22.06.1986
779;Farris;Cuddon;fcuddonlm@yahoo.co.jp;m;Germany;5822,58;01.09.1985
780;Fletch;Banasiak;fbanasiakln@tinyurl.com;m;Germany;1818,77;10.05.1986
781;Madlin;Ivanuschka;mivanuschkalo@mozilla.com;w;Austria;7668,11;17.09.1994
782;Dareen;MacGillreich;dmacgillreichlp@so-net.ne.jp;w;Germany;3659,18;06.08.1978
783;Dolorita;Phython;dphythonlq@psu.edu;w;Germany;7761,48;31.08.1982
784;Alexi;Caret;acaretlr@mozilla.org;w;Austria;4919,55;30.08.1974
785;Mano;Morgen;mmorgenls@bing.com;m;Germany;5254,45;17.04.1991
786;Basil;MacIlory;bmacilorylt@pbs.org;m;Germany;2489,81;04.06.1978
787;Christyna;Petrak;cpetraklu@apache.org;w;Germany;7607,53;25.06.1978
788;Borg;Civitillo;bcivitillolv@diigo.com;m;Austria;4588,02;21.08.1998
789;Ringo;Matevosian;rmatevosianlw@intel.com;m;Switzerland;3778,31;15.07.1989
790;Abeu;Wivell;awivelllx@dagondesign.com;m;Germany;3825,15;30.12.1984
791;Barde;Beggi;bbeggily@wp.com;m;Germany;3436,08;09.07.1974
792;Hart;Leacy;hleacylz@ft.com;m;Germany;3142,69;02.02.1971
793;Gregory;Lambirth;glambirthm0@google.de;m;Germany;6171,07;23.10.1998
794;Abbe;Aggis;aaggism1@meetup.com;w;Switzerland;3440,3;01.06.1989
795;Haslett;Hurnell;hhurnellm2@amazon.co.jp;m;Germany;3332,35;21.11.1982
796;Doyle;Whelband;dwhelbandm3@comcast.net;m;Germany;6101,23;09.02.1972
797;Cristabel;Gunn;cgunnm4@pcworld.com;w;Germany;2826,44;21.03.1980
798;Anitra;Golley;agolleym5@fda.gov;w;Germany;4344,91;29.10.1996
799;Elenore;Garlette;egarlettem6@psu.edu;w;Germany;4440,7;25.09.1988
800;Jewell;Laise;jlaisem7@scientificamerican.com;w;Germany;7702,46;19.04.1972
801;Tadeas;Exley;texleym8@comcast.net;m;Austria;2642,15;22.01.1982
802;Edithe;Smalridge;esmalridgem9@ow.ly;w;Germany;5308,82;29.01.1985
803;Dillon;Lawrenceson;dlawrencesonma@wikimedia.org;m;Austria;5338,75;24.10.1985
804;Vasily;Arends;varendsmb@time.com;m;Germany;3275,1;14.01.1990
805;Ken;Goater;kgoatermc@twitpic.com;m;Germany;6118,06;05.04.1983
806;Annabelle;Entwisle;aentwislemd@aboutads.info;w;Germany;7034,34;14.10.1980
807;Duncan;Peche;dpecheme@1688.com;m;Germany;5710,54;20.12.1999
808;Kali;Riceards;kriceardsmf@tuttocitta.it;w;Germany;5087,06;16.07.1978
809;Tommy;Charlwood;tcharlwoodmg@apache.org;m;Germany;7598,82;03.12.1986
810;Darci;Euler;deulermh@reddit.com;w;Austria;4654,22;14.06.1988
811;Lyman;Goodwin;lgoodwinmi@usnews.com;m;Germany;7568,14;14.08.1996
812;Ari;Bouzek;abouzekmj@accuweather.com;m;Germany;7385,78;25.08.1989
813;Rolland;Baus;rbausmk@bravesites.com;m;Germany;3954,12;01.06.1994
814;Casie;Lampke;clampkeml@cmu.edu;w;Germany;2936,64;01.09.1974
815;Petra;Swafield;pswafieldmm@whitehouse.gov;w;Germany;2564,2;12.09.1970
816;Theodoric;Mowbray;tmowbraymn@washington.edu;m;Germany;5530,09;16.11.1980
817;Krishnah;Leeman;kleemanmo@wikia.com;m;Austria;6359,41;22.12.1988
818;Elene;Hansbury;ehansburymp@dyndns.org;w;Germany;3015,65;10.11.1981
819;Gillian;Imason;gimasonmq@cyberchimps.com;w;Germany;6349,74;10.11.1989
820;Ted;Annatt;tannattmr@wired.com;m;Germany;2851,51;13.06.1982
821;Rodney;Landor;rlandorms@simplemachines.org;m;Germany;3407,98;07.05.1987
822;Weider;Oherlihy;woherlihymt@aol.com;m;Austria;6154,88;04.05.1991
823;Jude;Browett;jbrowettmu@bluehost.com;m;Germany;5897,92;27.03.1981
824;Rebekkah;Cannell;rcannellmv@skyrock.com;w;Austria;3508,89;04.06.1988
825;Porter;Buyers;pbuyersmw@google.pl;m;Germany;3107,41;17.04.1977
826;Jody;Elcum;jelcummx@bandcamp.com;m;Germany;3321,1;04.07.1990
827;Brose;Blezard;bblezardmy@economist.com;m;Germany;6122,7;17.03.1998
828;Reed;Reddell;rreddellmz@wp.com;m;Germany;5372,48;12.04.1993
829;Budd;Soldner;bsoldnern0@mayoclinic.com;m;Germany;5414,46;04.09.1997
830;Lonnard;Adolphine;ladolphinen1@shareasale.com;m;Austria;2245,68;25.07.1998
831;Jolynn;Smallcomb;jsmallcombn2@yolasite.com;w;Germany;2978,87;01.11.1977
832;Kermy;Hitzke;khitzken3@amazon.com;m;Germany;7106,22;12.08.1971
833;Annette;Horche;ahorchen4@wiley.com;w;Germany;5521,98;29.03.1981
834;Kristian;Casswell;kcasswelln5@com.com;m;Austria;5044,32;05.12.1978
835;Laetitia;Aksell;lakselln6@booking.com;w;Germany;4933,95;22.11.1984
836;Ricca;Silveston;rsilvestonn7@mac.com;w;Austria;3559,86;18.05.1976
837;Geoffrey;Dudley;gdudleyn8@apache.org;m;Germany;3540,12;20.08.1983
838;Jordain;Fairbeard;jfairbeardn9@google.com.br;w;Austria;7352,23;15.12.1973
839;Maryrose;Bradnam;mbradnamna@globo.com;w;Germany;2394,6;15.04.1977
840;Kathryn;Deaton;kdeatonnb@auda.org.au;w;Switzerland;4269,42;28.09.1992
841;Vasili;Oakley;voakleync@elpais.com;m;Germany;2597,92;18.06.1992
842;Cherilynn;Butterley;cbutterleynd@domainmarket.com;w;Austria;4032,99;18.04.1972
843;Gabriel;Sebright;gsebrightne@cnbc.com;m;Germany;6146,32;22.01.1986
844;Dulcy;Hans;dhansnf@webmd.com;w;Germany;3992,45;30.04.1990
845;Chen;Horbart;chorbartng@storify.com;m;Germany;6374,67;18.09.1991
846;Clerkclaude;Andrey;candreynh@booking.com;m;Germany;6560,66;15.01.1981
847;Eadmund;Furley;efurleyni@japanpost.jp;m;Germany;6659,6;24.09.1978
848;Irwin;Airs;iairsnj@wp.com;m;Germany;3178,4;17.08.1980
849;Erny;Tole;etolenk@craigslist.org;m;Germany;4097,6;13.09.1974
850;Dwayne;Saulter;dsaulternl@behance.net;m;Germany;7735,44;03.09.1995
851;Nelia;Schwartz;nschwartznm@free.fr;w;Germany;4450;11.06.1974
852;Marieann;Goomes;mgoomesnn@sun.com;w;Germany;3198,4;11.09.1990
853;Ardelle;Caffrey;acaffreyno@time.com;w;Germany;5233,57;12.09.1979
854;Addy;Snellman;asnellmannp@answers.com;w;Switzerland;7642,32;06.06.1977
855;Bo;Filip;bfilipnq@sogou.com;m;Germany;6992,26;16.12.1984
856;Maxwell;Scolts;mscoltsnr@adobe.com;m;Germany;7256,55;07.03.1984
857;Christa;Gehringer;cgehringerns@wix.com;w;Germany;3727,87;08.12.1992
858;Cathryn;Priver;cprivernt@gmpg.org;w;Germany;7093,85;06.01.2000
859;Ulrikaumeko;Blonden;ublondennu@kickstarter.com;w;Germany;6984,45;06.06.1989
860;Karita;Guenther;kguenthernv@ycombinator.com;w;Germany;6541,51;19.07.1983
861;Bryna;Gemmell;bgemmellnw@nytimes.com;w;Germany;7512,22;10.04.1997
862;Neddy;Foffano;nfoffanonx@tripod.com;m;Germany;3129,68;01.04.1971
863;Tristan;MacAlaster;tmacalasterny@usatoday.com;m;Germany;2759,98;10.12.1984
864;Jarvis;Klampk;jklampknz@nifty.com;m;Germany;3630,95;01.09.1985
865;Alphonso;Gosling;agoslingo0@oakley.com;m;Germany;7075,14;20.05.1972
866;Cris;Puleque;cpulequeo1@pinterest.com;w;Switzerland;5789,05;27.03.1989
867;Sukey;Richings;srichingso2@typepad.com;w;Germany;3736,52;12.04.1977
868;Hattie;Wimpeney;hwimpeneyo3@time.com;w;Germany;4556,35;16.01.1979
869;Novelia;Rands;nrandso4@foxnews.com;w;Germany;2642,89;18.03.1978
870;Rachelle;Sambeck;rsambecko5@phoca.cz;w;Germany;2470,44;13.03.1977
871;Ferguson;Redolfi;fredolfio6@i2i.jp;m;Germany;7306,87;26.10.1992
872;Roxine;Burbudge;rburbudgeo7@wikipedia.org;w;Switzerland;2635,63;05.12.1995
873;Bettine;Cordet;bcordeto8@xing.com;w;Germany;5171,39;21.06.1979
874;Trumann;Povah;tpovaho9@mlb.com;m;Switzerland;5525,43;09.11.1995
875;Ody;Clixby;oclixbyoa@craigslist.org;m;Germany;4623,04;05.11.1994
876;Guthrie;Dolbey;gdolbeyob@lycos.com;m;Germany;2353,82;29.05.1997
877;Lorenza;Plante;lplanteoc@time.com;w;Germany;4386,46;24.12.1970
878;Vail;Grzeszczyk;vgrzeszczykod@google.com.au;m;Germany;2987,6;16.06.1987
879;Cy;Cooke;ccookeoe@vinaora.com;m;Germany;3487,44;24.07.1977
880;Laurena;Pinock;lpinockof@hexun.com;w;Germany;6554,64;03.04.1996
881;Horatius;Langer;hlangerog@biblegateway.com;m;Germany;6833,27;20.04.1980
882;Reine;Mattsson;rmattssonoh@wikipedia.org;w;Germany;4375,94;18.02.1971
883;Aurie;Kardos;akardosoi@slate.com;w;Switzerland;3557,42;10.04.1973
884;Shermie;Sissel;ssisseloj@trellian.com;m;Germany;2357,23;28.03.1991
885;Dag;Bryning;dbryningok@phpbb.com;m;Germany;3104,66;05.03.1975
886;Suellen;Scotchmore;sscotchmoreol@sogou.com;w;Germany;3043,9;07.11.1997
887;Daffi;Mandrey;dmandreyom@accuweather.com;w;Germany;2600,76;26.12.1974
888;Allix;Lezemere;alezemereon@odnoklassniki.ru;w;Germany;4201,27;08.08.1971
889;Charmine;Redgrave;credgraveoo@yolasite.com;w;Germany;3608,72;19.03.1972
890;Boone;Abelov;babelovop@opera.com;m;Austria;7153,37;17.06.1980
891;Moritz;Scraggs;mscraggsoq@elegantthemes.com;m;Germany;7546,81;19.02.1988
892;Bettye;Appleyard;bappleyardor@paginegialle.it;w;Germany;3109,03;24.08.1998
893;Isak;Dorman;idormanos@histats.com;m;Germany;6116,53;16.01.1970
894;Chery;Egan;ceganot@friendfeed.com;w;Germany;5418,26;14.09.1994
895;Aurthur;Grute;agruteou@nhs.uk;m;Germany;3434,88;20.04.1973
896;Cindy;Blumson;cblumsonov@adobe.com;w;Germany;4153,58;24.11.1979
897;Yule;Patry;ypatryow@ebay.co.uk;m;Germany;4796,3;08.02.1970
898;Lorettalorna;Brisard;lbrisardox@cam.ac.uk;w;Germany;2829,25;09.02.1995
899;Happy;Carolan;hcarolanoy@statcounter.com;w;Austria;7370,64;23.04.1990
900;Ira;Wearing;iwearingoz@opensource.org;w;Germany;4850,3;03.09.1973
901;Isidore;McComiskie;imccomiskiep0@icio.us;m;Germany;3259,33;30.11.1970
902;Riccardo;Kindon;rkindonp1@yahoo.com;m;Germany;6811,19;03.03.1972
903;Monroe;True;mtruep2@hp.com;m;Germany;1836,7;31.07.1986
904;Ambrose;Eshelby;aeshelbyp3@e-recht24.de;m;Germany;5865,12;23.07.1993
905;Monti;Vanns;mvannsp4@google.pl;m;Germany;2126,49;08.05.1988
906;Lowrance;Noni;lnonip5@wikimedia.org;m;Germany;5148,87;10.06.1983
907;Suzann;Andreu;sandreup6@vinaora.com;w;Germany;4400,63;19.03.1986
908;Merrill;Marchello;mmarchellop7@nbcnews.com;w;Germany;4927,42;01.09.1974
909;Dermot;Roslen;droslenp8@uiuc.edu;m;Germany;6834,62;27.03.1996
910;Sandie;Attwater;sattwaterp9@twitter.com;w;Germany;2477,77;22.11.1993
911;Gery;Scraney;gscraneypa@samsung.com;m;Germany;4745,48;20.08.1981
912;Roby;Foresight;rforesightpb@adobe.com;w;Austria;6695,14;08.08.1983
913;Sigismond;Hallitt;shallittpc@cnn.com;m;Switzerland;7408,29;20.02.2000
914;Shoshanna;Jeavons;sjeavonspd@yahoo.co.jp;w;Germany;6797,2;15.03.1985
915;Johnathon;Jephcote;jjephcotepe@utexas.edu;m;Germany;3592,15;29.09.1981
916;Codi;De Vere;cdeverepf@google.it;m;Germany;7263,03;28.11.1981
917;Jessalyn;McQuie;jmcquiepg@paypal.com;w;Germany;2991,65;17.11.1981
918;Britt;Kellick;bkellickph@sfgate.com;w;Germany;3050,13;04.06.1977
919;Irvine;Garrould;igarrouldpi@sphinn.com;m;Germany;5173,06;15.12.1976
920;Garrek;Thurlbourne;gthurlbournepj@cornell.edu;m;Germany;4232,5;10.11.1999
921;Sarita;Pawelke;spawelkepk@homestead.com;w;Germany;7216,74;25.12.1996
922;Tessi;de Grey;tdegreypl@cnbc.com;w;Germany;4094,27;28.06.1979
923;Patten;Eplate;peplatepm@spiegel.de;m;Switzerland;6559,28;18.02.1984
924;Shirlene;Antunez;santunezpn@t.co;w;Germany;7178,47;10.11.1999
925;Jeana;Erskin;jerskinpo@rediff.com;w;Germany;7713,89;05.09.1994
926;Brant;Braithwaite;bbraithwaitepp@sitemeter.com;m;Germany;6331,15;01.10.1997
927;Mirabella;Worswick;mworswickpq@unesco.org;w;Germany;2149,66;17.11.1972
928;Amandy;Jentges;ajentgespr@cbsnews.com;w;Germany;4061,24;26.01.1992
929;Corine;Bonafant;cbonafantps@harvard.edu;w;Germany;7589,36;03.06.1984
930;Noemi;Baford;nbafordpt@seesaa.net;w;Germany;7339,12;08.11.1978
931;Egbert;Vankov;evankovpu@intel.com;m;Germany;3703,08;30.03.1983
932;Upton;Tabbernor;utabbernorpv@deviantart.com;m;Switzerland;4856,29;09.10.1994
933;Lorinda;Whyborne;lwhybornepw@privacy.gov.au;w;Germany;2714,43;07.10.1981
934;Steward;Rignoldes;srignoldespx@ameblo.jp;m;Germany;2673,33;05.11.1970
935;Cassey;Shulem;cshulempy@google.co.jp;w;Switzerland;2364,92;05.02.1985
936;Cathrin;Maddra;cmaddrapz@usgs.gov;w;Germany;5904,72;20.06.1983
937;Gae;Crosfeld;gcrosfeldq0@creativecommons.org;w;Germany;6500,47;17.07.1975
938;Lew;Verduin;lverduinq1@newsvine.com;m;Germany;4542,39;08.06.1999
939;Leonidas;Syrett;lsyrettq2@ezinearticles.com;m;Germany;7663,14;12.04.1977
940;Cordi;Nestle;cnestleq3@hud.gov;w;Germany;3379,57;03.03.1979
941;Salomon;Garfath;sgarfathq4@topsy.com;m;Germany;4347,94;14.04.1980
942;Konstantine;Lillecrop;klillecropq5@discovery.com;m;Germany;5506,69;18.11.1977
943;Konrad;Matthewman;kmatthewmanq6@tuttocitta.it;m;Germany;5777,58;12.10.1991
944;Henrietta;Horsley;hhorsleyq7@myspace.com;w;Germany;5740,99;03.08.1992
945;Ruby;Murrie;rmurrieq8@wikia.com;w;Germany;3976,85;30.01.1989
946;Alexia;Bouzan;abouzanq9@issuu.com;w;Germany;4227,84;13.05.1980
947;Missy;McGuff;mmcguffqa@webeden.co.uk;w;Germany;7208,93;29.05.1972
948;Anestassia;Troop;atroopqb@prnewswire.com;w;Germany;4450,96;23.01.1998
949;Heriberto;Warfield;hwarfieldqc@webeden.co.uk;m;Germany;2643,35;25.06.1979
950;Quint;Karus;qkarusqd@ameblo.jp;m;Germany;3411,78;20.02.1981
951;Shaun;Bernth;sbernthqe@abc.net.au;m;Germany;4427,13;01.10.1992
952;Alden;Scottini;ascottiniqf@delicious.com;m;Germany;2933,53;26.10.1993
953;Wilone;Bould;wbouldqg@twitpic.com;w;Germany;3043,76;18.02.1985
954;Joannes;Peacocke;jpeacockeqh@nsw.gov.au;w;Germany;4100,3;08.09.1985
955;Doralynn;Sewell;dsewellqi@arstechnica.com;w;Germany;7067,12;08.12.1984
956;Winfield;Garthshore;wgarthshoreqj@bing.com;m;Switzerland;4174,08;02.01.1970
957;Sophi;McKeady;smckeadyqk@google.com;w;Germany;7772,02;09.03.1990
958;Idalia;Pulhoster;ipulhosterql@ucla.edu;w;Germany;3309,94;02.06.1982
959;Pierre;Gubbins;pgubbinsqm@reuters.com;m;Germany;2295,48;03.09.1976
960;Cece;Dyshart;cdyshartqn@jalbum.net;m;Germany;5095,29;08.12.1997
961;Cad;Merveille;cmerveilleqo@mashable.com;m;Germany;3334,29;30.09.1974
962;Broddy;Maden;bmadenqp@parallels.com;m;Germany;6400,63;08.12.1990
963;Thibaut;Cleever;tcleeverqq@harvard.edu;m;Germany;2897,54;08.01.1992
964;Halsy;Galia;hgaliaqr@hibu.com;m;Germany;1829,54;06.06.1972
965;Danita;Cordell;dcordellqs@oaic.gov.au;w;Germany;6732,23;10.08.1982
966;Calla;Bear;cbearqt@irs.gov;w;Germany;4566,54;16.12.1999
967;Cly;Churn;cchurnqu@blogspot.com;m;Germany;1866,03;28.08.1987
968;Stanleigh;Rowaszkiewicz;srowaszkiewiczqv@simplemachines.org;m;Switzerland;5694,23;18.08.1983
969;Vance;Ballinghall;vballinghallqw@google.co.jp;m;Switzerland;2002,58;06.06.1974
970;Nathanael;Capstaff;ncapstaffqx@skyrock.com;m;Germany;4722,02;20.02.1976
971;Gaynor;Allewell;gallewellqy@hao123.com;w;Germany;4032,35;19.10.1974
972;Lavinia;Diament;ldiamentqz@sitemeter.com;w;Austria;2474,1;17.12.1988
973;Fowler;Pigny;fpignyr0@nydailynews.com;m;Germany;5781,32;23.02.1982
974;Nataniel;Kightly;nkightlyr1@unesco.org;m;Germany;2919,81;24.04.1989
975;Rinaldo;McKyrrelly;rmckyrrellyr2@imageshack.us;m;Germany;2637,84;17.02.1970
976;Merill;Skittrell;mskittrellr3@over-blog.com;m;Austria;3782,93;11.02.1975
977;Prudence;Terney;pterneyr4@dyndns.org;w;Germany;5609,11;24.12.1970
978;Lorraine;Verbeke;lverbeker5@youku.com;w;Germany;7020,3;04.08.1993
979;Nady;Speerman;nspeermanr6@berkeley.edu;w;Germany;5733,32;20.11.1977
980;Berty;Kenson;bkensonr7@icio.us;w;Germany;2774,79;17.10.1972
981;Bevon;Roaf;broafr8@smugmug.com;m;Germany;2992,66;29.03.1985
982;Valentin;Brandsen;vbrandsenr9@craigslist.org;m;Switzerland;2286,16;04.10.1990
983;Pippo;Readmire;preadmirera@pcworld.com;m;Austria;6911,08;14.07.1998
984;Claudetta;Chastan;cchastanrb@flavors.me;w;Austria;4590,07;20.02.1984
985;Gerhardt;Allmark;gallmarkrc@soup.io;m;Germany;6335,53;19.12.1980
986;Quintilla;Winkworth;qwinkworthrd@cnet.com;w;Austria;5725,72;28.06.1993
987;Teodor;Savary;tsavaryre@dyndns.org;m;Austria;2770,35;01.08.1997
988;Ag;Crowcher;acrowcherrf@sciencedirect.com;w;Germany;7033,38;21.07.1994
989;Barrie;Ewin;bewinrg@tmall.com;w;Austria;5174,8;26.09.1981
990;Erminie;Sedgemore;esedgemorerh@pen.io;w;Germany;5886,49;15.12.1998
991;Alejandro;Sumption;asumptionri@blinklist.com;m;Switzerland;6320,48;27.08.1990
992;Panchito;Deftie;pdeftierj@t-online.de;m;Germany;7622,54;15.02.1984
993;Aksel;Pressey;apresseyrk@ed.gov;m;Germany;2945,17;12.10.1998
994;Donnajean;Kelsell;dkelsellrl@woothemes.com;w;Germany;5455,76;21.09.1990
995;Mack;Middlemist;mmiddlemistrm@wufoo.com;m;Germany;4350,32;14.11.1977
996;Ad;Piff;apiffrn@statcounter.com;m;Austria;2161,7;04.07.1985
997;Orella;Plumridge;oplumridgero@chron.com;w;Switzerland;5339,06;06.03.1995
998;Feodora;Carle;fcarlerp@blogs.com;w;Switzerland;5801,88;19.02.2000
999;Marji;Duffitt;mduffittrq@diigo.com;w;Germany;6350,49;05.04.1993
1000;Orazio;Grindrod;ogrindrodrr@reference.com;m;Germany;2833,46;04.01.1980
1001;Benedikt;Neuhold;benedikt@neuhold.pro;m;Austira;2713;18.11.1987
